name,category,ingredients
1626,Whiskies,"Bourbon whiskey, Gingerbread liqueur, cherry-flavored brandy, Angostura Bitters, Italian preserved cherry"
19th Century,Whiskies,"Bourbon whiskey, Fresh lemon juice, White creme de cacao, Lillet Rouge"
A. J.,Cocktail Classics,"Applejack, Grapefruit Juice"
Absinthe Cocktail,Cocktail Classics,"Absinthe Substitute, Water, Old Mr. Boston Anisette, Orange Bitters"
Absinthe Drip Cocktail,Cocktail Classics,"Anis, Sugar"
Absinthe Special Cocktail,Cordials and Liqueurs,"Absinthe, Simple Syrup, Orange Bitters"
Academic Review,Whiskies,"Irish Whiskey, Applejack, Amaro Nonino, Rye Whiskey, Demerara Syrup, Mole bitters 1 oz"
Acapulco,Cocktail Classics,"Light Rum, Lime Juice, Triple Sec, Sugar, Egg White"
Adam and Eve,Cocktail Classics,"Forbidden Fruit, Gin, Brandy, Lemon Juice"
Adderly Cocktail,Whiskies,"Straight rye whiskey, Maraschino liqueur, Orange Bitters, Fresh lemon juice"
Admiral Perry,Vodka,"Pear-flavored vodka, Cinnamon schnapps, Dry Vermouth, White creme de cacao"
Affinity Cocktail,Whiskies,"Straight rye whiskey, Maraschino liqueur, Fresh lemon juice, Orange Bitters"
Affinity Cocktail (whisky),Whiskies,"Blended Scotch Whiskey, Dry Vermouth, Sweet Vermouth, Orange Bitters"
After Dinner Cocktail,Cocktail Classics,"Apricot Flavored Brandy, Triple Sec, Juice of a Lime"
After Supper Cocktail,Cocktail Classics,"Apricot-Flavored Brandy, Triple Sec, Lemon Juice"
Akogare,Whiskies,"Straight rye whiskey, Ginger syrup, Cold brewed black tea, preferably Japanese, Fresh lemon juice"
Alamo Splash,Tequila,"Blanco tequila, Orange juice, Pineapple Juice, Lemon-lime soda"
Alexander Cocktail No. 1,Cocktail Classics,"Gin, Creme de Cacao (White), Light cream"
Alexander Cocktail No. 2,Cocktail Classics,"Creme de Cacao (White), Brandy, Light cream"
Alexander's Sister Cocktail,Cocktail Classics,"Dry gin, Green creme de menthe, Light cream"
Alfie Cocktail,Vodka,"lemon-flavored vodka, Pineapple Juice, Triple Sec"
Algonquin,Whiskies,"Straight rye whiskey, Dry Vermouth, Pineapple Juice"
Allegheny,Whiskies,"Bourbon whiskey, Dry Vermouth, Blackberry-flavored brandy, Fresh lemon juice"
Allies Cocktail,Cocktail Classics,"Dry Vermouth, Gin, Kummel"
Almeria,Cocktail Classics,"17-year-old J. Wray and Nephew Ltd. Rum, Coffee-flavored liqueur, Egg White"
Amante Picante,Tequila,"Cucumber, Fresh cilantro sprigs, Blanco tequila, Fresh Lime Juice, Simple Syrup, Jalapeno hot pepper sauce, cucumber slice"
Amaretto And Cream,Cordials and Liqueurs,"Amaretto, half-and-half"
Amaretto Rose,Cordials and Liqueurs,"Amaretto, Fresh lemon juice, Simple Syrup"
Amaretto Sour,Cordials and Liqueurs,"Amaretto, Fresh lemon juice, Simple Syrup, Orange half-wheel"
Amaretto Stinger,Cordials and Liqueurs,"Amaretto, White creme de menthe"
Amber Amour,Cordials and Liqueurs,"Amaretto, Fresh lemon juice, Simple Syrup"
Ambrosia,Cocktail Classics,"Applejack, Brandy, Triple Sec"
American Trilogy,Whiskies,"Brown sugar cube, such as Demerara, Straight rye whiskey, Applejack"
Americana,Whiskies,"Tennessee whiskey, Simple Syrup, Angostura Bitters"
Angel's Share,Whiskies,"Bourbon whiskey, Amaro, Creme de Cassis, Orange Bitters"
Ante,Cocktail Classics,"Apple Brandy, Triple Sec, Dubonnet"
Antoine Special,Cocktail Classics,"Dubonnet, Dry Vermouth"
Apple Blow Fizz,Cocktail Classics,"Egg White, Juice of a Lemon, Powdered Sugar, Apple Brandy"
Apple Pie,Cordials and Liqueurs,"Apple schnapps, Cinnamon schnapps"
Apple Pie Cocktail,Cocktail Classics,"Old Mr. Boston Rum, Sweet Vermouth, Apple Flavored Brandy, Grenadine, Lemon Juice"
Apple Pie No. 1,Cocktail Classics,"Light Rum, Sweet Vermouth, Apple Brandy, Grenadine, Lemon Juice"
Apple Rum Rickey,Cocktail Classics,"Applejack, Light Rum, Lime"
Applecar,Cocktail Classics,"Applejack, Triple Sec, Lemon Juice"
Applejack Punch,Cocktail Classics,"Applejack, Grenadine, Orange Juice, Whole Egg"
Apricot Anise Collins,Cocktail Classics,"Gin, Apricot-Flavored Brandy, Anisette, Lemon Juice"
Apricot Anisette Collins,Cocktail Classics,"Gin, Apricot Flavored Brandy, Anisette, Lemon Juice"
Apricot Cocktail,Cocktail Classics,"Juice of a Lemon, Juice of Orange, Apricot Flavored Brandy, Gin"
Apricot Lady,Cocktail Classics,"Light Rum, Apricot-Flavored Brandy, Triple Sec, Lime Juice, Egg White"
Aquarius,Whiskies,"Blended Scotch Whiskey, cherry-flavored brandy, Cranberry Juice"
Aqueduct,Vodka,"Vodka, Fresh Lime Juice, White curacao or triple sec, Apricot-Flavored Brandy"
Aunt Jemima,Cocktail Classics,"Brandy, White creme de cacao, Benedictine"
Autumn Leaves,Whiskies,"Straight rye whiskey, Apple Brandy, Sweet Vermouth, Strega, Angostura Bitters"
Aztec's Mark,Whiskies,"Bourbon whiskey, White creme de cacao, Benedictine, Hot red pepper sauce"
Bacardi Cocktail,Cocktail Classics,"Bacardi Rum, Juice of a Lime, Grenadine"
Bachelor's Bait Cocktail,Cocktail Classics,"Gin, Egg White, Orange Bitters, Grenadine"
Back Porch Swizzle,Whiskies,"Bourbon whiskey, Dry Vermouth, Pineapple Juice, Ginger beer"
Baltimore Bracer,Cocktail Classics,"Anisette, Brandy, Egg White"
Baltimore Bracer Cocktail,Cocktail Classics,"Old Mr. Boston Anisette, Old Mr. Boston Five Star Brandy, Egg White"
Barbary Coast Cocktail,Cocktail Classics,"Old Mr. Boston Dry Gin, Old Mr. Boston Rum, Old Mr. Boston Creme de Cacao, Desmond & Duff Scotch Whisky, Sweet Cream"
Barnaby's Buffalo Blizzard,Cocktail Classics,"White creme de cacao, Vodka, Galliano, Grenadine"
Barton Special,Cocktail Classics,"Applejack, Scotch, Gin"
Basil 8,Vodka,"Fresh basil leaves, White grapes, Vodka, Fresh Lime Juice, each Simple Syrup, angostura bitters"
Basin Street,Whiskies,"Bourbon whiskey, Triple Sec, Fresh lemon juice"
Beals Cocktail,Whiskies,"Blended Scotch Whiskey, Dry Vermouth, Sweet Vermouth"
Beer Buster,Vodka,"Vodka, Hot red pepper sauce"
Bella Fragolia,Vodka,"Strawberry, chopped, Fresh basil leaves, Vodka, Fresh lemon juice, Simple Syrup"
Bensonhurst,Whiskies,"Cynar, Straight rye whiskey, Dry Vermouth, Maraschino liqueur"
Bentley,Cocktail Classics,"Apple Brandy, Dubonnet"
Bermuda Rose,Cocktail Classics,"Gin, Apricot Flavored Brandy, Grenadine"
Bermuda Rose Cocktail,Cocktail Classics,"Old Mr. Boston Dry Gin, Old Mr. Boston Apricot Flavored Brandy, Grenadine"
Betsy Ross Cocktail,Cocktail Classics,"Old Mr. Boston Five Star Brandy, Port, Old Mr. Boston Triple Sec, Old Mr. Boston Dry Gin"
Between-The-Sheets Cocktail,Cocktail Classics,"Juice of a Lemon, Brandy, Triple Sec, Light Rum"
Bianca,Vodka,"Lime wedge, superfine sugar, Citrus-flavored vodka, Pomegranate juice, Fresh Lime Juice, Simple Syrup, Fresh lemon juice, lemon twiste, fresh pomegranate seeds"
Biffy Cocktail,Cocktail Classics,"Juice of a Lemon, Swedish Punch, Gin"
Big Red Hooter,Tequila,"Blanco tequila, Amaretto, Pineapple Juice, Grenadine"
Bijou Cocktail,Cocktail Classics,"Gin, Green Chartreuse, Sweet Vermouth, Orange Bitters"
Bikini,Vodka,"Vodka, Light Rum, Fresh lemon juice, Milk, Simple Syrup"
Billy Taylor,Cocktail Classics,"Juice of a Lime, Gin"
Bird-of-Paradise Fizz,Cocktail Classics,"Juice of a Lemon, Powdered Sugar, Egg White, Grenadine, Gin"
Black Cherry Chocolate,Vodka,"Black cherry-flavored vodka, White chocolate liqueur, Black cherry juice"
Black Hawk,Whiskies,"Bourbon whiskey, Sloe gin, Maraschino cherry"
Black Hawk Cocktail,Cocktail Classics,"Old Thompson Blended Whiskey, Old Mr. Boston Sloe Gin"
Black Magic,Vodka,"Vodka, Coffee liqueur, Fresh lemon juice"
Black Russian,Vodka,"Vodka, Coffee liqueur"
Black Velvet,Cocktail Classics,"Chilled Stout, Chilled Champagne"
Blarney Stone Cocktail,Whiskies,"Irish Whiskey, Anisette, Triple Sec, Maraschino liqueur, Angostura Bitters, Orange twist, green olive"
Blood and Sand,Whiskies,"Blended Scotch Whiskey, cherry-flavored brandy, Sweet Vermouth, Orange juice"
Blood Bronx Cocktail,Cocktail Classics,"Old Mr. Boston Dry Gin, Dry Vermouth, Juice of a Blood Orange"
Bloodhound Cocktail,Cocktail Classics,"Dry Vermouth, Sweet Vermouth, Gin"
Bloody Bull,Vodka,"Vodka, Tomato Juice, Cold beef bouillon"
Bloody Maria,Tequila,"Blanco tequila, Tomato Juice, Fresh lemon juice, Hot red pepper sauce, Celery Salt"
Bloody Mary,Vodka,"Vodka, Tomato Juice, Fresh Lime Juice, Worcestershire Sauce, hot red pepper sauce"
Bloody Scotsman,Whiskies,"Smoky Scotch whisky, such as Laphroaig, Tomato Juice, V8 cocktail juice, ketchup, Fresh Lime Juice, Simple Syrup, 3/4 oz"
Blue Bird,Cocktail Classics,"Gin, Triple Sec, Bitters"
Blue Canary,Cocktail Classics,"Gin, Grapefruit Juice, Blue curacao"
Blue Devil Cocktail,Cocktail Classics,"Gin, Juice of Lemon or Lime, Maraschino, Blue curacao"
Blue Lagoon,Vodka,"Vodka, Blue curacao, Fresh lemon juice, Simple Syrup"
Blue Margarita,Tequila,"Lime juice, coarse salt, Blanco tequila, Blue curacao, Fresh Lime Juice"
Bobby Burns Cocktail,Whiskies,"Blended Scotch Whiskey, Sweet Vermouth, Benedictine"
Bolero Cocktail,Cocktail Classics,"Old Mr. Boston Rum, Apple Brandy, Sweet Vermouth"
Bolshoi Punch,Vodka,"Vodka, Fresh lemon juice, Simple Syrup, Light Rum, Creme de Cassis"
Bordeaux Cocktail,Vodka,"Citrus-flavored vodka, Lillet Blanc"
Boston Bullet,Cocktail Classics,"Gin, Dry Vermouth"
Boston Gold,Vodka,"Vodka, Creme de banana, Fresh orange juice"
Boston Side Car,Cocktail Classics,"Mr. Boston Five Star Brandy, Mr. Boston Rum, Mr. Boston Triple Sec, Juice of a Lime"
Boston Sidecar Cocktail,Cocktail Classics,"Old Mr. Boston Five Star Brandy, Old Mr. Boston Rum, Old Mr. Boston Triple Sec, Juice of a Lime"
Boston Sour,Cocktail Classics,"Juice of a Lemon, Powdered Sugar, Blended whiskey, Egg White"
Bourbon A La Creme,Whiskies,"Bourbon whiskey, Dark creme de cacao, Vanilla liqueur"
Bourbon And Elder,Whiskies,"Bourbon whiskey, Elderflower liqueur, Angostura Bitters"
Bourbon and Water,Cocktail Classics,"Bourbon, Water"
Bourbon Cobbler,Cocktail Classics,"Bourbon, Lemon Juice, Grapefruit Juice, Almond extract"
Bourbon Cooler,Whiskies,"Bourbon whiskey, Fresh lemon juice, Grapefruit Juice, Orgeat Syrup"
Bourbon Crusta,Whiskies,"Lemon wedge, superfine sugar,  Long, wide spiral of orange zest, Bourbon whiskey, Triple Sec, Maraschino liqueur, Fresh lemon juice, Orange Bitters"
Bourbon Highball,Whiskies,Bourbon whiskey
Bourbon On The Rocks,Cocktail Classics,Bourbon
Bourbon Renewal,Whiskies,"Bourbon whiskey, Fresh lemon juice, Creme de Cassis, Simple Syrup, Angostura Bitters"
Brandy Alexander,Cocktail Classics,"Creme de Cacao (Brown), Brandy, Heavy cream"
Brandy and Soda,Cocktail Classics,Brandy
Brandy Crusta Cocktail,Cocktail Classics,"Maraschino, Bitters, Lemon Juice, Triple Sec, Brandy"
Brandy Flip,Cocktail Classics,"Whole Egg, Powdered Sugar, Brandy, Light Cream (if desired)"
Brandy Milk Punch,Cocktail Classics,"Powdered Sugar, Brandy, Milk"
Brandy Squirt,Cocktail Classics,"Brandy, Powdered Sugar, Grenadine"
Brandy Vermouth Cocktail,Brandy,"Brandy, Sweet Vermouth, Angostura Bitters"
Brantini,Cocktail Classics,"Brandy, Gin, Dry Vermouth"
Brave Bull,Tequila,"Blanco tequila, Coffee liqueur"
Bravo,Tequila,"Anejo tequila, Agave nectar, Angostura Bitters, Orange Bitters"
Brighton Punch,Whiskies,"Bourbon whiskey, Brandy, Benedictine, Orange juice, Fresh lemon juice"
Bronx Cocktail (Dry),Cocktail Classics,"Gin, Dry Vermouth, Juice of Orange"
Bronx Golden Cocktail,Cocktail Classics,"Gin, Sweet Vermouth, Dry Vermouth, Orange"
Bronx SIlver Cocktail,Cocktail Classics,"Juice of Orange, Egg White, Dry Vermouth, Gin"
Bronx Terrace Cocktail,Cocktail Classics,"Gin, Dry Vermouth, Juice of a Lime"
Brooklyn,Whiskies,"Rye or bourbon whiskey, Sweet Vermouth, Amer Picon or Torani Amer, Maraschino liqueur"
Brown Cocktail,Cocktail Classics,"Gin, Light Rum, Dry Vermouth"
Brunswick Street Cocktail,Brandy,"Cognac, Sweet sherry, preferably Pedro Ximenez, Egg Yolk"
Buckjones,Cocktail Classics,"Light Rum, Sweet Sherry, Juice of a Lime"
Bucks Fizz,Cocktail Classics,orange juice
Bucks Fizz (Mimosa),Cocktail Classics,Orange Juice
Buddy's Favorite,Cocktail Classics,"Bourbon, Cold Water"
Bull And Bear,Whiskies,"Bourbon whiskey, Orange curacao, Fresh lemon juice, Grenadine"
Bull Shot,Vodka,"Vodka, Cold beef bouillon, Worcestershire Sauce, Salt, Freshly ground black pepper"
Bull's Eye,Cocktail Classics,"Brandy, Hard cider"
Bull's Milk,Brandy,"Brandy, Light Rum, Simple Syrup, Milk"
Bulla's Eye,Brandy,"Brandy, Hard cider"
Bulldog Cocktail,Brandy,"cherry-flavored brandy, Gin, Fresh lemon juice"
Bulldog Highball,Cocktail Classics,"Juice of Orange, Gin"
Bulldog Highballl,Cocktail Classics,"Juice of Orange, Gin"
Bullfrog,Vodka,"Vodka, Lemonade"
Bum's Rush,Tequila,"Blanco tequila, Triple Sec, Honey liqueur, Fresh Lime Juice, Fresh apple cider"
Bushranger,Cocktail Classics,"Light Rum, Dubonnet, Bitters"
Button Hook Cocktail,Cocktail Classics,"Creme de Menthe (White), Apricot Flavored Brandy, Anisette, Brandy"
Cabaret Cocktail,Cocktail Classics,"Old Mr. Boston Dry Gin, Bitters, Dry Vermouth, Benedictine"
Cablegram,Whiskies,"Bourbon whiskey, Fresh lemon juice, Simple Syrup, Ginger ale"
Cablegram Highball,Cocktail Classics,"Juice of a Lemon, Powdered Sugar, Old Thompson Blended Whiskey"
Cactus Berry,Tequila,"Blanco tequila, Red wine, each Triple Sec, simple syrup, each Fresh lemon juice, fresh lime juice, Lemon-lime soda"
Cadiz,Brandy,"Blackberry-flavored brandy, Dry Sherry, Triple Sec, half-and-half"
Caesar,Vodka,"Lemon wedge, celery salt, Vodka, Tomato-clam juice, Prepared horseradish, each Worcestershire Sauce, salt, ground black pepper"
Caf_ di Amaretto,Cocktail Classics,"Hot Black Coffee, Amaretto"
Cafe De Paris Cocktail,Cocktail Classics,"Egg White, Anis, Light cream, Gin"
Cafe di Saronno,Cocktail Classics,Amaretto di Saronno
Caledonia,Cocktail Classics,"Creme de Cacao (Brown), Brandy, Milk, Egg Yolk"
California Lemonade,Whiskies,"Bourbon whiskey, Fresh lemon juice, Fresh Lime Juice, Simple Syrup, Grenadine, Soda water, Orange and lemon wheels, maraschino cherry"
Calm Voyage,Cocktail Classics,"Strega, Light Rum, Passion Fruit Syrup, Lemon Juice, Egg White"
Calvados Cocktail,Brandy,"Calvados, Orange juice, Triple Sec, Orange Bitters"
Cameron's Kick Cocktail,Whiskies,"Blended Scotch Whiskey, Irish Whiskey, Fresh lemon juice, Orange Bitters"
Camino Del Ray,Tequila,"Anejo tequila, Oloroso sherry, Drambuie, Rhubarb bitters"
Canadian Breeze,Whiskies,"Canadian whisky, Pineapple Juice, Fresh lemon juice, Maraschino liqueur, Pineapple wedge, maraschino cherry"
Canadian Cherry,Whiskies,"Maraschino liqueur, Canadian whisky, Maraschino liqueur, Fresh lemon juice, Orange juice"
Canadian Cocktail,Whiskies,"Canadian whisky, Triple Sec, Simple Syrup, Angostura Bitters"
Canadian Pineapple,Cocktail Classics,"Canadian whisky, Pineapple Juice, Lemon Juice, Maraschino"
Canal Street Daisy,Whiskies,"Blended Scotch Whiskey, Orange juice, Fresh lemon juice, Soda water, Orange wheel"
Cape Codder,Tequila,"Vodka, Cranberry Juice, Old Mr. Boston Anisette, Old Mr. Boston Five Star Brandy, Egg White"
Cappuccino Cocktail,Vodka,"Vodka, Coffee-flavored brandy, half-and-half, Vodka, Cranberry Juice"
Cara Sposa,Brandy,"Coffee-flavored brandy, Triple Sec, half-and-half"
Caribbean Champagne,Cocktail Classics,"Light Rum, Creme de banana"
Caribbean Cruise,Vodka,"Vodka, Light Rum, Coconut-flavored rum, Grenadine, Pineapple Juice"
Carre Reprise,Whiskies,"Straight rye whiskey, Cognac, Sweet Vermouth, Elderflower liqueur, Angostura Bitters, Peychaud's Bitters"
Carrol Cocktail,Cocktail Classics,"Brandy, Sweet Vermouth"
Carroll Cocktail,Brandy,"Brandy, Sweet Vermouth"
Caruso,Cocktail Classics,"Gin, Dry Vermouth, Green creme de menthe"
Casa Blanca,Cocktail Classics,"Light Rum, Lime Juice, Triple Sec, Maraschino"
Casco Bay Lemonade,Vodka,"Citrus-flavored vodka, Simple Syrup, Fresh lemon juice, Cranberry Juice"
Catalina Margarita,Tequila,"Blanco tequila, Peach schnapps, Blue curacao, Simple Syrup, Fresh lemon juice"
Champagne Flamingo,Vodka,"Vodka, Campari, Chilled Champagne"
Champagne Velvet,Cocktail Classics,"Chilled Stout, Chilled Champagne"
Champs Elysees Cocktail,Brandy,"Brandy, Yellow Chartreuse, Fresh lemon juice, Simple Syrup, Angostura Bitters"
Chancellor Cocktail,Whiskies,"Blended Scotch Whiskey, Dry Vermouth, Tawny port, Peychaud's Bitters"
Chapala,Tequila,"Reposado tequila, Orange juice, Fresh lemon juice, Grenadine"
Chapel Hill,Whiskies,"Bourbon whiskey, Triple Sec, Fresh lemon juice"
Chaplin,Whiskies,"Bourbon whiskey, Dry Sherry, Ramazzotti Amaro, Triple Sec, Orange Bitters"
Character Development,Whiskies,"Scotch Whiskey, Coconut liqueur, Dry Sherry, Grapefruit bitters"
Charles Cocktail,Brandy,"Brandy, Sweet Vermouth, Angostura Bitters"
Chas,Whiskies,"Bourbon whiskey, Amaretto, Benedictine, Triple Sec, Orange curacao"
Chateau Briand's Rum Cow,Cocktail Classics,"Dark rum, Sugar, Bitters, Milk"
Chef's Pain,Vodka,"Bourbon whiskey, Fresh Lime Juice, Blackberry liqueur, B & B"
Chelsea Sidecar Cocktail,Cocktail Classics,"Juice of a Lemon, Old Mr. Boston Triple Sec, Old Mr. Boston Dry Gin"
Cherry Blossom,Brandy,"Brandy, cherry-flavored brandy, Fresh lemon juice, Triple Sec, Grenadine, maraschino cherry"
Cherry Blossom Cocktail,Cocktail Classics,"Old Mr. Boston Five Star Brandy, Old Mr. Boston Wild Cherry Flavored Brandy, Old Mr. Boston Triple Sec, Grenadine, Lemon Juice"
Cherry Cooler,Cocktail Classics,Cherry Vodka
Cherry Fizz,Cocktail Classics,"Juice of a Lemon, cherry-flavored brandy"
Cherry Flip,Cocktail Classics,"Whole Egg, Powdered Sugar, cherry-flavored brandy, Light Cream (if desired)"
Cherry Rum,Cocktail Classics,"Light Rum, cherry-flavored brandy, Light cream"
Cherry Sling,Cocktail Classics,"cherry-flavored brandy, Juice of a Lemon"
Cherry Wine Cocktail,Cocktail Classics,"Danish Cherry Wine, Vodka, Juice of a Lime"
Chi-Town Flip,Whiskies,"Bourbon whiskey, Tawny port, Fresh lemon juice, Vanilla liqueur and 3 oz, Simple Syrup, Whole Egg and grated nutmet"
Chicago Cocktail,Brandy,"Lemon wedge, superfine sugar, Brandy, Fresh lemon juice, Orange curacao, Maraschino liqueur"
Chicago Fizz,Cocktail Classics,"Juice of a Lemon, Powdered Sugar, Egg White, Port, Light Rum"
Chinchona,Tequila,"Anejo tequila, Lillet Rouge, Orange curacao, Orange Bitters"
Chocolate Cocktail,Cocktail Classics,"Port, Yellow Chartreuse, Egg Yolk, Powdered Sugar"
Chocolate Daisy,Cocktail Classics,"Juice of a Lemon, Powdered Sugar, Grenadine, Brandy, Port"
Chocolate Flip,Cocktail Classics,"Whole Egg, Powdered Sugar, Sloe gin, Brandy, Light Cream (if desired)"
Chocolate Soldier,Cocktail Classics,"Juice of a Lime, Dubonnet, Gin"
Chocolate Soldier Cocktail,Cocktail Classics,"Juice of a Lime, Dubonnet, Old Mr. Boston Dry Gin"
Chupa Cabra,Tequila,"Blanco tequila, Fresh grapefruit juice, Fresh Lime Juice, Campari, Simple Syrup, Angostura Bitters, lime wheel"
Cider Eggnog,Cocktail Classics,"Whole Egg, Powdered Sugar, Milk"
Citronella Cooler,Vodka,"Citrus-flavored vodka, Fresh Lime Juice, Lemonade, Cranberry Juice"
Clamato Cocktail,Cocktail Classics,"Vodka, Clam Juice, Tomato Juice"
Classic Cocktail,Cocktail Classics,"Juice of a Lemon, Curacao, Maraschino, Brandy"
Clove Cocktail,Cocktail Classics,"Sweet Vermouth, Sloe gin, Muscatel Wine"
Clover Club Cocktail,Cocktail Classics,"Juice of a Lemon, Grenadine, Egg White, Gin"
Clover Leaf Cocktail,Cocktail Classics,"Juice of a Lime, Grenadine, Egg White, Gin"
Coffee Cocktail,Cocktail Classics,"Whole Egg, Powdered Sugar, Port, Brandy"
Coffee Flip,Cocktail Classics,"Whole Egg, Powdered Sugar, Brandy, Port, Light Cream (if desired)"
Coffee Grasshopper,Brandy,"Coffee-flavored brandy, White creme de menthe, half-and-half"
Coffee Old-Fashioned,Whiskies,"Bourbon whiskey, Simple Syrup, Angostura Bitters, Cold brewed coffee, Soda water"
Coffee Sour,Cocktail Classics,"Coffee-flavored brandy, Lemon Juice, Powdered Sugar, Egg White"
Cognac Coupling,Cocktail Classics,"Cognac, Tawny port, Anis, Lemon Juice"
Cognac Highball,Brandy,Cognac
Cold Deck Cocktail,Brandy,"Brandy, Sweet Vermouth, White creme de menthe"
Cole's Raspberry Cream,Cocktail Classics,"Raspberry Yogurt, Raspberry Ice Cream, White creme de cacao, Vodka, Heavy cream"
Combo,Cocktail Classics,"Dry Vermouth, Brandy, Triple Sec, Powdered Sugar, Bitters"
Commodore Cocktail,Whiskies,"Bourbon Whiskey, White creme de cacao, Fresh lemon juice, Grenadine"
Company B,Tequila,"Whole strawberry, hulled, Blanco tequila, Campari, Triple Sec, Fresh lemon juice, Agave nectar, strawberry slice"
Cool Carlos,Cocktail Classics,"Dark rum, Cranberry Juice, Pineapple Juice, Orange curacao, Sour Mix"
Cornell Cocktail,Cocktail Classics,"Lemon Juice, Maraschino, Egg White, Gin"
Coronation Cocktail,Cocktail Classics,"Gin, Dubonnet, Dry Vermouth"
Corpse Reviver No. 1,Brandy,"Cognac, Calvados, apple brandy, or applejack, Sweet Vermouth"
Cosmopolitan,Vodka,"Vodka, Fresh Lime Juice, Triple Sec, Cranberry Juice"
Cotton Club Flip,Whiskies,"Vanilla-Infused Bourbon, Honey-Currant Syrup, Fresh Lime Juice, Egg White, Rhubarb bitters"
Count Camillo's Paloma,Tequila,"Blanco tequila, Sweet Vermouth, Campari, Grapefruit soda"
Cowboy Cocktail,Cocktail Classics,"Blended whiskey, Light cream"
Creamsicle,Cocktail Classics,"Vanilla liqueur, Milk, Orange Juice"
Creamy Orange,Cocktail Classics,"Orange Juice, Cream sherry, Brandy, Light cream"
Creamy Screwdriver,Cocktail Classics,"Vodka, Egg Yolk, Orange Juice, Sugar"
Creme De Cafe,Brandy,"Coffee-flavored brandy, Light Rum, Anisette, half-and-half"
Creme de Gin Cocktail,Cocktail Classics,"Gin, White creme de menthe, Egg White, Lemon Juice, Orange Juice"
Creole Lady,Whiskies,"Bourbon whiskey, Madeira, Grenadine"
Creole Lady Cocktail,Cocktail Classics,"Old Kentucky Tavern Bourbon Whiskey, Madeira, Grenadine"
Crocodile Cooler,Vodka,"Citrus-flavored vodka, Melon liqueur, Triple Sec, Simple Syrup, Fresh lemon juice"
Cuban Cocktail No. 1,Cocktail Classics,"Juice of a Lime, Powdered Sugar, Light Rum"
Cuban Cocktail No. 2,Brandy,"Brandy, Light Rum, Apricot-Flavored Brandy, Fresh Lime Juice"
Cuban Special Cocktail,Cocktail Classics,"Pineapple Juice, Juice of a Lime, Old Mr. Boston Rum, Old Mr. Boston Triple Sec"
Cubeltini,Vodka,"Cucumber slices, Fresh mint leaves, Simple Syrup, Vodka, Fresh Lime Juice"
D'artagnan,Brandy,"Armagnac, Grand Marnier, Simple Syrup, Orange juice, Chilled Champagne"
Daiquiri,Cocktail Classics,"Light Rum, Fresh Lime Juice, Simple Syrup"
Daiquiri Cocktail,Cocktail Classics,"Juice of a Lime, Powdered Sugar, Old Mr. Boston Rum"
Daisy Dueller,Whiskies,"Tennessee whiskey, Fresh lemon juice, Simple Syrup, Triple Sec"
De La Louisiane,Whiskies,"Straight rye whiskey, Sweet Vermouth, Benedictine, Absinthe or pastis, Peychaud's Bitters"
Deauville Cocktail,Brandy,"Brandy, Apple Brandy, Triple Sec, Fresh lemon juice, Dry Vermouth"
Delmonico No. 2,Cocktail Classics,"Orange Bitters, Dry Vermouth, Gin"
Depth Bomb,Brandy,"Apple Brandy, Brandy, Fresh lemon juice, Grenadine"
Derby,Whiskies,"Bourbon whiskey, Benedictine, Angostura Bitters"
Derby Fizz,Cocktail Classics,"Juice of a Lemon, Powdered Sugar, Whole Egg, Scotch, Triple Sec"
Desert Sunrise,Vodka,"Vodka, Fresh orange juice, Pineapple Juice, Grenadine"
Deshler,Whiskies,"Straight rye whiskey, Dubonnet Rouge, Triple Sec, Angostura Bitters"
Devil's Cocktail,Cocktail Classics,"Lemon Juice, Port, Dry Vermouth"
Devil's Soul,Whiskies,"Straight rye whiskey, Mezcal, Amaro, Aperol, Elderflower liqueur"
Diablo,Tequila,"Blanco tequila, Creme de Cassis, Fresh Lime Juice"
Dillatini,Cocktail Classics,"Gin, Dry Vermouth"
Dillatini Cocktail,Cocktail Classics,"Mr. Boston Gin, Dry Vermouth"
Dinah Cocktail,Whiskies,"Bourbon whiskey, Fresh lemon juice, Simple Syrup"
Diplomat Cocktail,Cocktail Classics,"Dry Vermouth, Sweet Vermouth, Bitters, Maraschino"
Dirty Daisy,Tequila,"Reposado tequila, White Curacao, Olive brine, Balsamic vinegar, Fresh Lime Juice"
Dirty Harry,Whiskies,"Absinthe, Straight rye whiskey, Sweet Vermouth, Maraschino liqueur"
Dixie Cocktail,Cocktail Classics,"Juice of Orange, Anisette, Dry Vermouth, Gin"
Dixie Julep,Cocktail Classics,"Powdered Sugar, Bourbon"
Dixie Whiskey Cocktail,Whiskies,"Bourbon whiskey, White creme de menthe, Triple Sec, Simple Syrup, Angostura Bitters"
Doctor Cook,Cocktail Classics,"Gin, Lemon Juice, Maraschino, Egg White"
Dolores,Brandy,"Brandy, preferably Spanish, Cherry liqueur, White or dark creme de cacao, Egg White"
Double Standard Sour,Whiskies,"Rye or bourbon whiskey, Gin, Fresh lemon juice, White creme de menthe, Grenadine, Simple Syrup"
Dr. Cook,Cocktail Classics,"Mr. Boston Gin, Lemon Juice, Maraschino, Egg White"
Dream Cocktail,Brandy,"Brandy, Triple Sec, Anisette"
Dreamy Dorini Smoking Martini,Vodka,"Vodka, Smoky Scotch, such as Laphroaig, Pastis"
Dry Martini,Cocktail Classics,"Mr. Boston Gin, Dry Vermouth"
Dry Martini (5-to-1),Cocktail Classics,"Gin, Dry Vermouth"
Du Barry Cocktail,Cocktail Classics,"Bitters, Dry Vermouth, Anisette, Gin"
Dubliner,Whiskies,"Irish Whiskey, Sweet Vermouth, Grand Marnier, Orange Bitters"
Dubonnet Cocktail,Cocktail Classics,"Dubonnet, Gin, Orange Bitters (if desired)"
Dubonnet Fizz,Cocktail Classics,"Juice of Orange, Juice of a Lemon, cherry-flavored brandy, Dubonnet"
Dubonnet Highball,Cocktail Classics,Dubonnet
Dufftown Flip,Whiskies,"Blended Scotch Whiskey, Port, Demerara Syrup, Almond milk, Whole Egg"
Duke Cocktail,Cocktail Classics,"Triple Sec, Orange Juice, Lemon Juice, Maraschino, Whole Egg"
East India Cocktail No. 1,Brandy,"Brandy, Jamaica Rum, Triple Sec, Pineapple Juice, Angostura Bitters"
Easter Elchies,Whiskies,"Single-malt Scotch whisky, Cherry Heering, Punt e Mes, Orange Bitters"
Eastern Sour,Whiskies,"Bourbon whiskey, Orange juice, Fresh Lime Juice, orgeat or almond syrup, Simple Syrup"
Easterner,Whiskies,"Straight rye whiskey, Fresh grapefruit juice, Maple Syrup"
Egg Sour,Cocktail Classics,"Whole Egg, Powdered Sugar, Juice of a Lemon, Brandy, Triple Sec"
Eggnog Supreme,Cocktail Classics,"Medium Eggs, Sugar, Whole milk, Heavy Cream, Whipped, Cognac"
El Molino,Tequila,"Mezcal, Palo cortado or oloroso sherry, Allspice liqueur (pimento dram), White creme de cacao"
El Ni_o,Tequila,"Lime wedges, Whole strawberry, Simple Syrup, Blanco tequila, Rose water"
El Oso (The Bear),Tequila,"Anejo tequila, Honey liqueur, Maraschino liqueur, The Bitter Truth's Jerry Thomas' Own Decanter Bitters"
El Presidente Cocktail No. 2,Rum - Daiquiris,"Light Rum, Dry Vermouth, Angostura Bitters"
El Profesor,Brandy,"Pisco, Punt e Mes, Benedictine, Aromatic bitters"
Electric Jam,Vodka,"Vodka, Blue curacao, Simple Syrup, Fresh lemon juice"
Elk's Own Cocktail,Cocktail Classics,"Egg White, Blended whiskey, Port, Juice of a Lemon, Powdered Sugar"
Emerald Isle Cocktail,Cocktail Classics,"Gin, Green creme de menthe, Bitters"
Emperor Norton's Mistress,Whiskies,"Fresh strawberries, cut in halves, Bourbon whiskey, Vanilla liqueur, Triple Sec"
Ethel Duffy Cocktail,Brandy,"Apricot-Flavored Brandy, White creme de menthe, Triple Sec"
Everybody's Irish Cocktail,Whiskies,"Irish Whiskey, Green creme de menthe, Green Chartreuse, Green olive"
Eye-Opener,Cocktail Classics,"Egg Yolk, Powdered Sugar, Anis, Triple Sec, White creme de cacao, Light Rum"
Fair-and-Warmer Cocktail,Rum - Daiquiris,"Light Rum, Sweet Vermouth, Triple Sec"
Fairy Belle Cocktail,Cocktail Classics,"Egg White, Grenadine, Apricot-Flavored Brandy, Gin"
Fallen Angel Cocktail,Cocktail Classics,"Juice of a Lime, Old Mr. Boston Dry Gin, Bitters, Old Mr. Boston White Creme de Menthe"
Fallen Leaves,Brandy,"Calvados, Sweet Vermouth, Dry Vermouth, Brandy"
Fancy Brandy,Brandy,"Brandy, Triple Sec, Simple Syrup, Angostura Bitters"
Fancy Brandy Cocktail,Cocktail Classics,"Old Mr. Boston Five Star Brandy, Bitters, Old Mr. Boston Triple Sec, Powdered Sugar"
Fancy Whiskey,Whiskies,"Bourbon or rye whiskey, Angostura Bitters, Triple Sec, Simple Syrup, Lemon twist"
Fancy-Free Cocktail,Whiskies,"Bourbon whiskey, Maraschino liqueur, Angostura Bitters, Orange Bitters"
Fantasio Cocktail,Brandy,"Brandy, Dry Vermouth, White creme de menthe, Maraschino liqueur"
Farmer's Cocktail,Cocktail Classics,"Gin, Dry Vermouth, Sweet Vermouth, Bitters"
Fat Like Buddha,Rum - Daiquiris,"Dark rum, Dubonnet Rouge, Benedictine, Triple Sec"
Favorite Cocktail,Cocktail Classics,"Apricot Flavored Brandy, Dry Vermouth, Gin, Lemon Juice"
Favourite Cocktail,Cocktail Classics,"Apricot-Flavored Brandy, Dry Vermouth, Lemon Juice, Gin"
Fifty-Fifty Cocktail,Cocktail Classics,"Gin, Dry Vermouth"
Fireman's Sour,Rum - Daiquiris,"Light Rum, Fresh Lime Juice, Simple Syrup, Grenadine"
Flatiron Martini,Vodka,"Splash triple sec, Orange-flavored vodka, Lillet Blanc"
Floridita No. 1,Rum - Daiquiris,"Light Rum, Fresh Lime Juice, Sweet Vermouth, White creme de cacao, Grenadine"
Floridita No. 3,Rum - Daiquiris,"Light Rum, Fresh Lime Juice, Grapefruit Juice, Maraschino liqueur, Simple Syrup"
Flower Power,Tequila,"Blanco tequila, Grapefruit Juice, Agave nectar, Egg White, Orange blossom water, Peychaud's Bitters"
Flying Dutchman,Cocktail Classics,"Gin, Triple Sec"
Flying Grasshopper Cocktail,Cocktail Classics,"Old Mr. Boston Green Creme de Menthe, Old Mr. Boston White Creme de Cacao, Old Mr. Boston Vodka"
Flying Scotchman,Whiskies,"Blended Scotch Whiskey, Sweet Vermouth, Angostura Bitters, Simple Syrup"
Flying Scotchman Cocktail,Cocktail Classics,"Sweet Vermouth, Desmond & Duff Scotch Whisky, Bitters, Sugar Syrup"
Fog Cutter,Rum - Daiquiris,"Light Rum, Brandy, Gin, Fresh lemon juice, each Orange juice and sweet sherry, Almond or orgeat syrup"
Fog Horn,Cocktail Classics,"Juice of a Lime, Gin & ginger ale, Gin, Triple Sec"
Fontainebleau Special,Brandy,"Brandy, Anisette, Dry Vermouth"
Fort Lauderdale,Cocktail Classics,"Light Rum, Sweet Vermouth, Juice of Orange, Juice of a Lime"
Fox River Cocktail,Whiskies,"Bourbon or Rye Whiskey, Dark creme de cacao, Angostura Bitters"
Francis The Mule,Whiskies,"Bourbon whiskey, Coffee liqueur, Fresh lemon juice, orgeat or almond syrup, Orange Bitters"
Frankenjack Cocktail,Cocktail Classics,"Gin, Dry Vermouth, Apricot Flavored Brandy, Triple Sec, Juice of a Lime, Gin & ginger ale"
Fratelli Cocktail,Whiskies,"Straight rye whiskey, Sweet Vermouth, Yellow Chartreuse, Fernet-Branca"
Free Silver,Cocktail Classics,"Juice of a Lemon, Powdered Sugar, Gin, Dark rum, Milk"
French Martini,Vodka,"Vodka, Black raspberry liqueur, Pineapple Juice"
French Quarter,Brandy,"Brandy, Lillet Blanc"
Frisco Sour,Whiskies,"Bourbon or Rye Whiskey, Fresh lemon juice, Fresh Lime Juice, Benedictine, Lemon and lime wheels"
Frisky Witch,Vodka,"Vodka, Sambuca"
Frostbite,Tequila,"Blanco tequila, White creme de cacao, Heavy cream"
Froth Blower Cocktail,Cocktail Classics,"Egg White, Gin, Grenadine"
Froupe Cocktail,Brandy,"Brandy, Sweet Vermouth, Benedictine"
Frozen Apple,Cocktail Classics,"Applejack, Lime Juice, Sugar, Egg White"
Frozen Brandy and Rum,Cocktail Classics,"Brandy, Light Rum, Lemon Juice, Egg Yolk, Powdered Sugar"
Gables Collins,Vodka,"Vodka, Creme de noyaux, Fresh lemon juice, Pineapple Juice"
Gaugin,Rum - Daiquiris,"Light Rum, Fresh lemon juice, Fresh Lime Juice, Passion Fruit Syrup"
Gauguin,Cocktail Classics,"Light Rum, Passion Fruit Syrup, Lemon Juice, Lime Juice"
General Harrison's Eggnog,Cocktail Classics,"Whole Egg, Powdered Sugar"
Gentle Ben,Vodka,"Vodka, Gin, Blanco tequila"
Gentleman's Cocktail,Cocktail Classics,"Bourbon, Brandy, Creme de Menthe"
Georgia Mint Julep,Brandy,"Mint sprigs, Simple Syrup, Brandy, Peach-flavored brandy"
Georgia Mule,Vodka,"Peach slice, skinned, Vodka, Fresh lemon juice, Peach bitters"
Georgia Peach,Vodka,"Vodka, Peach schnapps, Grenadine"
Gilchrist,Whiskies,"Blended Scotch Whiskey, Pear brandy, Grapefruit Juice, Amaro, Grapefruit bitters"
Gilroy Cocktail,Brandy,"cherry-flavored brandy, Gin, Dry Vermouth, Fresh lemon juice, Orange Bitters"
Gimlet,Cocktail Classics,"Lime Juice, Powdered Sugar, Gin"
Gimlet Cocktail,Cocktail Classics,"Rose's Lime Juice, Powdered Sugar, Old Mr. Boston Dry Gin"
Gin and It,Cocktail Classics,"Gin, Sweet Vermouth"
Gin and Milk Punch,Cocktail Classics,"Powdered Sugar, Mr. Boston Gin, Milk"
Gin Cocktail,Cocktail Classics,"Gin, Bitters"
Gin Milk Punch,Cocktail Classics,"Powdered Sugar, Gin, Milk"
Gin Sling,Cocktail Classics,"Powdered Sugar, Water, Juice of a Lemon, Gin"
Ginger Grapefruit Rickey,Rum - Daiquiris,"Light Rum, Fresh grapefruit juice, Ginger liqueur, Fresh Lime Juice"
Glass Tower,Vodka,"Vodka, Peach schnapps, White rum, Triple Sec, Sambuca"
Glogg,Cocktail Classics,"Wine (Port, Cream Sherry, Claret, Burgundy, or Madeira), Dried Orange Peel, Cinnamon sticks, cloves"
Gloom Lifter,Cocktail Classics,"Blended whiskey, Brandy, Juice of a Lemon, Raspberry Syrup, Sugar, Egg White"
Goat's Delight,Brandy,"Brandy, Kirschwasser, half-and-half, orgeat or almond syrup, Absinthe or pastis"
God Child,Cocktail Classics,"Amaretto di Saronno, Mr. Boston Vodka, Heavy cream"
Godchild,Vodka,"Vodka, Amaretto, Heavy cream"
Godfather,Whiskies,"Blended Scotch Whiskey, Amaretto"
Godmother,Vodka,"Vodka, Amaretto"
Golden Dawn,Brandy,"Apple Brandy, Apricot-Flavored Brandy, Gin, Fresh orange juice, Grenadine"
Golden Eclipse,Rum - Daiquiris,"Dark rum, Amaro, Fresh lemon juice, Orange Bitters, Sparkling apple cider"
Golden Fizz,Cocktail Classics,"Juice of a Lemon, Powdered Sugar, Gin, Egg Yolk"
Golden Frappe,Cocktail Classics,"Orange Juice, Lemon Juice, Sugar, Port"
Golden Friendship,Rum - Daiquiris,"Light Rum, Sweet Vermouth, Amaretto"
Golden Slipper,Cocktail Classics,"Yellow Chartreuse, Apricot-Flavored Brandy"
Golden Slipper Cocktail,Cocktail Classics,"Yellow Chartreuse, Old Mr. Boston Apricot Flavored Brandy"
Goldrush,Whiskies,"Bourbon whiskey, Fresh lemon juice, Honey Syrup"
Gotham,Brandy,"Absinthe or pastis, Brandy, Peach bitters"
Grande Guignol,Rum - Daiquiris,"Dark rum, Yellow Chartreuse, Cherry Heering, Fresh Lime Juice"
Grandfather,Whiskies,"Bourbon whiskey, Applejack, Sweet Vermouth, Angostura Bitters, Peychaud's Bitters"
Grape Nehi,Vodka,"Vodka, Raspberry-flavored liqueur, Fresh lemon juice"
Grape Vodka Froth,Cocktail Classics,"Vodka, Grape Juice, Egg White, Lemon Juice"
Grapefruit Cocktail,Cocktail Classics,"Grapefruit Juice, Gin, Maraschino"
Grapefruit Gimlet Royale,Vodka,"Vodka, Fresh grapefruit juice, Fresh Lime Juice, Simple Syrup, Chilled Champagne"
Grapefruit Nog,Cocktail Classics,"Brandy, Grapefruit Juice, Lemon Juice, Honey, Whole Egg"
Grasshopper Cocktail,Cocktail Classics,"Old Mr. Boston Green Creme de Menthe, Old Mr. Boston White Creme de Cacao, Light Sweet Cream"
Green Devil,Cocktail Classics,"Gin, Green creme de menthe, Lime Juice"
Green Dragon Cocktail,Cocktail Classics,"Juice of a Lemon, Old Mr. Boston Kummel, Old Mr. Boston Green Creme de Menthe, Old Mr. Boston Dry Gin, Orange Bitters"
Green Fizz,Cocktail Classics,"Powdered Sugar, Egg White, Juice of a Lemon, Gin, Green creme de menthe"
Green Hornet (Dry),Cocktail Classics,"Lime Vodka, Powdered Sugar"
Green Opal,Cocktail Classics,"Gin, Anisette, Anis"
Green Opal Cocktail,Cocktail Classics,"Old Mr. Boston Dry Gin, Old Mr. Boston Anisette, Absinthe Substitute"
Greenback,Cocktail Classics,"Gin, Green creme de menthe, Lemon Juice"
Greenpoint,Whiskies,"Straight rye whiskey, Yellow Chartreuse, Sweet Vermouth, Angostura Bitters, Orange Bitters"
Grenadine Rickey,Cocktail Classics,"Juice of a Lime, Grenadine"
Greyhound,Cocktail Classics,"Gin, Grapefruit Juice"
Grounds For Divorce,Whiskies,"Straight rye whiskey, Kirschwasser, Cynar, Amaro"
Guadalajara,Tequila,"Blanco tequila, Dry Vermouth, Benedictine"
H. P. W. Cocktail,Cocktail Classics,"Dry Vermouth, Sweet Vermouth, Gin"
H.P.W. Cocktail,Cocktail Classics,"Dry Vermouth, Sweet Vermouth, Gin"
Hai Karate,Rum - Daiquiris,"Dark rum, Fresh Lime Juice, Pineapple Juice, Orange juice, Maple Syrup, Angostura Bitters"
Hair Raiser,Cocktail Classics,"100-proof Vodka, Rock and Rye, Lemon Juice"
Hair Raiser Cocktail,Cocktail Classics,"Old Mr. Boston 100 proof Vodka, Old Mr. Boston Rock and Rye, Lemon Juice"
Hairy Sunrise,Tequila,"Blanco tequila, Vodka, Triple Sec, Orange juice, Fresh grenadine"
Handball Cooler,Vodka,"Vodka, Orange juice"
Harrington,Vodka,"Vodka, Triple Sec, Green Chartreuse"
Harvard Cocktail,Brandy,"Brandy, Sweet Vermouth, Fresh lemon juice, Grenadine, Angostura Bitters"
Harvard Cooler,Brandy,"Apple Brandy, Simple Syrup"
Harvest Moon,Whiskies,"Straight rye whiskey, Lillet Blanc, Apple Brandy, Green Chartreuse, Angostura Bitters"
Harvest Nectar,Rum - Daiquiris,"Light Rum, Pineapple Juice, Cranberry Juice, Orange juice, Lemon-lime soda"
Harvey Wallbanger,Vodka,"Vodka, Fresh orange juice, Galliano"
Havana Cocktail,Rum - Daiquiris,"Light Rum, Pineapple Juice, Fresh lemon juice"
Hawaiin Cocktail,Cocktail Classics,"Gin, Pineapple Juice, Triple Sec"
Headless Horseman,Vodka,"Vodka, Angostura Bitters"
Heather Blush,Whiskies,"Blended Scotch Whiskey, Strawberry liqueur, Chilled sparkling wine"
Heather's Kiss,Whiskies,"Blended Scotch Whiskey, Fresh lemon juice, Agave nectar, Absinthe"
Heavenly Dram,Whiskies,"Single-malt Scotch whisky, Pedro Ximenez sherry, Fresh lemon juice, Honey Syrup"
Hebrides,Whiskies,"Single-malt Scotch whisky, Maraschino liqueur, Triple Sec, Apple juice, Fresh lemon juice, Angostura Bitters"
Hemingway's Nog,Rum - Daiquiris,"Dark rum, Vanilla liqueur, Simple Syrup, Creme fraiche, tiki bitters, such as Bittermen's Elemakule"
Hennessy Martini,Cocktail Classics,"Hennessy V.S Cognac, Lemon Juice"
High Cotton,Whiskies,"Straight rye whiskey, Pimm's No. 1 Cup, Dubonnet Rouge, Peach bitters"
High Plains Drifter No. 1,Tequila,"Campari, Blanco tequila, Fresh Lime Juice, Honey Syrup, Angostura Bitters"
Highland Cooler,Whiskies,"Blended Scotch Whiskey, Simple Syrup"
Hill Billy Highball,Cocktail Classics,Georgia Moon Corn Whiskey
Hill Dog,Whiskies,"White whiskey, Grand Marnier, Dry Sherry, Lavender Syrup"
Hoffman House Cocktail,Cocktail Classics,"Dry Vermouth, Gin"
Hole-In-One,Whiskies,"Blended Scotch Whiskey, Dry Vermouth, Fresh lemon juice, Orange Bitters"
Hole-in-One Cocktai,Cocktail Classics,"Scotch, Vermouth, Lemon Juice, Orange Bitters"
Hole-in-One Cocktail,Cocktail Classics,"Desmond & Duff Scotch Whisky, Dry Vermouth, Lemon Juice, Orange Bitters"
Honeymoon Cocktail,Brandy,"Apple Brandy, Benedictine, Fresh lemon juice, Triple Sec"
Hoot Mon Cocktail,Whiskies,"Blended Scotch Whiskey, Sweet Vermouth, Benedictine"
Hop Toad,Rum - Daiquiris,"Light Rum, Apricot-Flavored Brandy, Fresh Lime Juice"
Hop Toad Cocktail,Cocktail Classics,"Juice of a Lime, Old Mr. Boston Apricot Flavored Brandy, Old Mr. Boston Rum"
Horse's Neck (With A Kick),Whiskies,"Wide spiral of lemon zest, Bourbon whiskey, Ginger ale"
Hot Brandy Flip,Cocktail Classics,"Whole Egg, Powdered Sugar, Brandy"
Hot Pants,Tequila,"Blanco tequila, Peppermint schnapps, Grapefruit Juice, Simple Syrup"
Hot Shot Margarita,Cocktail Classics,"Tequila, Hot Shot Tropical Fruit Liqueur, Lemon or Lime Juice"
Hotel D'alsace,Whiskies,"Fresh rosemary sprig, Irish Whiskey, Benedictine, Triple Sec"
Hotel Plaza Cocktail,Cocktail Classics,"Sweet Vermouth, Dry Vermouth, Gin"
Humpty Dumpty,Vodka,"Vodka, Orange juice, Galliano, Whole Egg, Peychaud's Bitters"
Huntsman Cocktail,Vodka,"Vodka, Jamaica Rum, Fresh Lime Juice, Simple Syrup"
Hurricane,Rum - Daiquiris,"each Dark rum, light rum, Passion Fruit Syrup, Lime Juice, Orange juice, each Simple Syrup, grenadine"
Hurricane Leah,Rum - Daiquiris,"each Light Rum, Gin, Vodka, Blanco tequila, Blue curacao, cherry-flavored brandy, Simple Syrup, Fresh lemon juice, Fresh orange juice"
Hush and Wonder,Rum - Daiquiris,"Creme de violette, Light Rum, Fresh Lime Juice, Simple Syrup, Grapefruit bitters"
Hyatt's Jamaican Banana,Cocktail Classics,"Light Rum, White creme de cacao, Creme de banana, Vanilla Ice Cream, half-and-half, Banana"
I.A.P.,Whiskies,"Tennessee whiskey, Fernet-Branca, Cola"
Ibiza,Vodka,"Orange-flavored vodka, Campari, Grapefruit Juice, Pomegranate molasses, Peach schnapps, Apple schnapps, grapefruit twist"
Ice Cream Flip,Rum - Daiquiris,"Whole Egg, Maraschino, Triple Sec"
Imperial Fizz,Whiskies,"Bourbon or Rye Whiskey, Light Rum, Fresh lemon juice, Simple Syrup, Soda water"
Incider Cocktail,Whiskies,"Rye or bourbon whiskey, Apple cider, Apple slice"
Irish Rickey,Whiskies,"Irish Whiskey, Fresh Lime Juice, Soda water, Lime wedge"
Irish Shillelagh,Whiskies,"Irish Whiskey, Light Rum, Sloe gin, Fresh lemon juice, Simple Syrup, Fresh raspberries and strawberries, 2 peach slices, maraschino cherry"
Irish Whiskey Cocktail,Whiskies,"Irish Whiskey, Triple Sec, Anisette, Maraschino liqueur, Angostura Bitters, Green olive"
Irish Whiskey Highball,Whiskies,"Irish Whiskey, Ginger ale or soda water, Lemon twist (optional)"
Irish Whisky,Cocktail Classics,"Mr. Boston Triple Sec, Absinthe Substitute, Maraschino, Bitters, Irish Whiskey"
Irish Whisky Cocktail,Cocktail Classics,"Old Mr. Boston Triple Sec, Absinthe Substitute, Maraschino, Bitters, Irish Whiskey"
Irresistible,Rum - Daiquiris,"Light Rum, Sweet Vermouth, Benedictine, Fresh lemon juice"
Italian Screwdriver,Vodka,"Lime wedge, superfine sugar, Citrus-flavored vodka, Orange juice, Grapefruit Juice, Ginger ale"
Jack Maples,Brandy,"Applejack, maple syrup (grade B or medium-amber), Aromatic bitters"
Jack Rose Cocktail,Brandy,"Applejack, Fresh Lime Juice, Grenadine"
Jack Sparrow Flip,Rum - Daiquiris,"Dark rum, Madeira, Simple Syrup, Egg, Angostura Bitters"
Jack-In-The-Box,Brandy,"Applejack, Pineapple Juice, Angostura Bitters"
Jack-in-the-Box Cocktail,Cocktail Classics,"Apple Brandy, Pineapple Juice, Bitters"
Jackie-O,Vodka,"Lime wedge, pink sanding sugar, each Citrus-flavored vodka and orange-flavored vodka, Creme de Cassis, Apricot nectar, each Fresh lemon juice and cranberry juice"
Jacqueline,Rum - Daiquiris,"Dark rum, Triple Sec, Fresh Lime Juice, Simple Syrup"
Jade,Rum - Daiquiris,"Light Rum, Fresh Lime Juice, Green creme de menthe, Triple Sec, Simple Syrup Scant"
Jamaica Glow Cocktail,Cocktail Classics,"Old Mr. Boston Dry Gin, Claret, Orange Juice, Jamaica Rum"
Jamaica Granito,Brandy,"Brandy, Triple Sec, Lemon or Orange Sherbet"
Jamaica Hop,Cocktail Classics,"Coffee-flavored brandy, Creme de Cacao (White), Light cream"
Jamaican Crawler,Rum - Daiquiris,"Light Rum, Melon liqueur, Pineapple Juice, Grenadine"
Jamaican Ginger,Rum - Daiquiris,"Light Rum, Dark rum, Falernum, Fresh Lime Juice, Angostura Bitters"
Japanese,Brandy,"Brandy, orgeat or almond syrup, Angostura Bitters"
Japanese Fizz,Cocktail Classics,"Juice of a Lemon, Powdered Sugar, Blended whiskey, Port, Egg White"
Jean Lafitte Cocktail,Cocktail Classics,"Gin, Triple Sec, Anis, Powdered Sugar, Egg Yolk"
Jersey Lightning Cocktail,Cocktail Classics,"Apple Brandy, Sweet Vermouth, Juice of a Lime"
Jeyplak Cocktail,Cocktail Classics,"Gin, Sweet Vermouth, Anisette"
Jinx Cocktail,Tequila,"Blanco tequila, Blood orange liqueur, Becherovka (Czech digestif), Fresh grapefruit juice"
Jitterbug Sour,Whiskies,"Straight rye whiskey, Benedictine, Fresh lemon juice, Honey Syrup, Egg White, Angostura Bitters"
Jocose Julep,Whiskies,"Bourbon whiskey, Green creme de menthe, Fresh Lime Juice, Simple Syrup, Fresh mint leaves"
John Collins,Whiskies,"Bourbon whiskey, Fresh lemon juice, Simple Syrup, Soda water, Orange and lemon wheels, maraschino cherry"
Jungle Juice,Vodka,"Vodka, Light Rum, Triple Sec, each Cranberry Juice, orange juice, pineapple juice, lemon juice, Simple Syrup"
K. C. B. Cocktail,Cocktail Classics,"Kummel, Mr. Boston Gin, Mr. Boston Apricot Flavored Brandy, Lemon Juice"
K. G. B. Cocktail,Cocktail Classics,"Kummel, Gin, Apricot Flavored Brandy, Lemon Juice"
K.C.B. Cocktail,Cocktail Classics,"Old Mr. Boston Kummel, Old Mr. Boston Dry Gin, Old Mr. Boston Apricot Flavored Brandy, Lemon Juice"
K.G.B. Cocktail,Cocktail Classics,"Kummel, Gin, Apricot-Flavored Brandy, Lemon Juice"
Katana,Vodka,"Cucumber slices, Vodka, Sake, Fresh Lime Juice, Simple Syrup, Cucumber"
Kiss the Boys Goodbye,Cocktail Classics,"Sloe gin, Brandy, Egg White, Juice of a Lemon"
Knickerbocker Special Cocktail,Rum - Daiquiris,"Light Rum, Triple Sec, Fresh lemon juice, Orange juice, Raspberry Syrup"
Knock-Out Cocktail,Cocktail Classics,"Anisette, Gin, Dry Vermouth, Creme de Menthe (White)"
Ko Adang,Rum - Daiquiris,"Dark rum, Coconut rum, Ginger liqueur, Mango nectar, Cream of coconut, Fresh Lime Juice, lime wheel"
Kretchma Cocktail,Vodka,"Vodka, White creme de cacao, Fresh lemon juice, Grenadine"
Kup's Indispensable Cocktail,Cocktail Classics,"Light Vermouth, Dry Vermouth, Gin, Bitters"
L.A. Sunrise,Vodka,"Vodka, Creme de banana, Fresh orange juice, Pineapple Juice, Dark rum"
L'italienne,Vodka,"Vodka, Lillet Blanc, Ramazzotti Amaro, Orange Bitters"
La Bomba,Tequila,"Gold tequila, Triple Sec, Pineapple Juice, Orange juice, Grenadine, lime wheel"
La Perla,Tequila,"Reposado tequila, Manzanilla sherry, Pear liqueur"
La Ultima Palabra,Tequila,"Blanco tequila, Fresh grapefruit juice, Fresh Lime Juice, Yellow Chartreuse, Maraschino liqueur"
La Vita Dulce,Rum - Daiquiris,"Spiced rum, Mezcal, Fresh Lime Juice, Simple Syrup"
Lady Love Fizz,Cocktail Classics,"Powdered Sugar, Juice of a Lemon, Egg White, Gin, Light cream"
Lasky Cocktail,Cocktail Classics,"Grape Juice, Swedish Punch, Gin"
Le Paradini,Vodka,"Vodka, Raspberry-flavored liqueur, Grand Marnier, Chilled Champagne"
Leap Frog Highball,Cocktail Classics,"Juice of a Lemon, Gin"
Leap Year Cocktail,Cocktail Classics,"Gin, Orange Flavored Gin, Sweet Vermouth, Lemon Juice"
Leaves Of Grass,Vodka,"Aquavit, Old Tom gin, Demerara Syrup, Orange Bitters, Absinthe"
Lemon Crush,Vodka,"Lemon wedge, superfine sugar, Citrus-flavored vodka, Crema di limoncello, Triple Sec, Fresh lemon juice"
Lemon Drop,Vodka,"Lemon wedge, superfine sugar, lemon-flavored vodka, Fresh lemon juice, Simple Syrup"
Lemonade (Egg),Cocktail Classics,"Juice of a Lemon, Powdered Sugar, Whole Egg"
Lemonade (Golden),Cocktail Classics,"Juice of a Lemon, Powdered Sugar, Egg Yolk, Water"
Level headed Cocktail,Rum - Daiquiris,"Aged rhum agricole, Cold brewed coffee, Allspice liqueur (pimento dram), Simple Syrup, Angostura Bitters"
Lights On The Plaza,Vodka,"Cucumber slices, chopped, Fresh lemon juice, Simple Syrup, Acai berry flavored vodka, Black raspberry liqueur, Sparkling wine, raspberry and cucumber"
Lil Naue,Cocktail Classics,"Brandy, Port, Apricot-Flavored Brandy, Powdered Sugar, Egg Yolk"
Lillypad,Tequila,"Blanco tequila, each Lillet Blanc and Lillet Rouge, Apple juice, Fresh Lime Juice, Agave nectar"
Lime Giant,Cocktail Classics,Lime Vodka
Limestone,Cocktail Classics,Bourbon
Limey,Cocktail Classics,"Light Rum, Lime Liqueur, Triple Sec, Lime Juice"
Limoncello Manzanilla Marmalade Sour,Vodka,"Citrus-flavored vodka, Limoncello, Manzanilla sherry, Fresh lemon juice, Grapefruit marmalade"
Little Devil Cocktail,Rum - Daiquiris,"Light Rum, Gin, Fresh lemon juice, Triple Sec"
Little Princess Cocktail,Rum - Daiquiris,"Light Rum, Sweet Vermouth"
London Buck,Cocktail Classics,"Gin, Juice of a Lemon"
London Special Cocktail,Cocktail Classics,bitters
Lone Tree Cocktail,Cocktail Classics,"Sweet Vermouth, Gin"
Long Island Iced Tea,Vodka,"Vodka, Blanco tequila, Gin, Light Rum, Triple Sec, Simple Syrup, 1/2 oz"
Long Island Tea,Cocktail Classics,"Vodka, Gin, Light Rum, Tequila, Juice of a Lemon"
Look Out Below,Rum - Daiquiris,"151-Proof Rum, Fresh Lime Juice, Grenadine"
Los Angeles Cocktail,Cocktail Classics,"Juice of a Lemon, Powdered Sugar, Whole Egg, Sweet Vermouth, Blended whiskey"
Lounge Lizard,Rum - Daiquiris,"Dark rum, Amaretto"
Love Cocktail,Cocktail Classics,"Sloe gin, Egg White, Lemon Juice, Raspberry Juice"
Lugger,Cocktail Classics,"Brandy, Apple Brandy, Apricot Flavored Brandy"
Lumination,Rum - Daiquiris,"Fresh ginger, Simple Syrup, Dark rum, VS cognac, each Fresh lemon juice, Angostura bitters"
Lychee Lucy,Vodka,"Vodka, Lychee liqueur, Fresh orange juice, Pineapple Juice, Angostura Bitters"
Madras,Vodka,"Vodka, Cranberry Juice, Orange juice"
Mai-Tai (Trader Vic Version),Rum - Daiquiris,"Dark rum, preferably Jamaican, Orange curacao, Fresh lime juice (reserve 1/2 lime shell for garnish), Orgeat Syrup, Rock candy syrup or simple syrup"
Maiden's Prayer,Cocktail Classics,"Gin, Triple Sec, Lemon Juice"
Malmaison,Rum - Daiquiris,"Light Rum, Cream sherry, Fresh lemon juice"
Mamie Taylor,Cocktail Classics,"Juice of a Lime, Desmond & Duff Scotch Whisky"
Mamie's Sister,Cocktail Classics,"Juice of a Lime, Gin"
Mandarine Mist,Cocktail Classics,Mandarine Napoleon Liqueur
Mandarine Sour,Cocktail Classics,"Mandarine Napoleon Liqueur, Lemon Juice"
Mandeville,Rum - Daiquiris,"Light Rum, Dark rum, Fresh lemon juice, Anisette, Grenadine"
Manhattan Cocktail (dry),Cocktail Classics,"Dry Vermouth, Old Thompson Blended Whiskey"
Manila Fizz,Cocktail Classics,"Gin, Whole Egg, Powdered Sugar, Root Beer, Juice of a Lime"
Maracuya Mosquito,Vodka,"Fresh basil leaves, Vodka, Green Chartreuse, Fresh Lime Juice, Simple Syrup, Passion Fruit Juice, basil leaf"
Margarita,Cocktail Classics,"Blanco tequila, Cointreau or triple sec, Fresh Lime Juice"
Margarita Cocktail,Cocktail Classics,"Old Mr. Boston Tequila, Old Mr. Boston Triple Sec, Lemon or Lime Juice"
Margarita Tequila,Shooters,"Blanco tequila, Cointreau triple sec, Fresh Lime Juice"
Mariposa,Rum - Daiquiris,"Light Rum, Brandy, Fresh lemon juice, Orange juice, Grenadine"
Mariposa Cocktail,Cocktail Classics,"Old Mr. Boston Rum, Old Mr. Boston Five Star Brandy, Lemon Juice, Orange Juice, Grenadine"
Martini,Cocktail Classics,"Mr. Boston Gin, Dry Vermouth"
Martini (Dry) (5-to-1),Cocktail Classics,"Gin, Dry Vermouth"
Martini (Medium),Cocktail Classics,"Gin, Dry Vermouth, Sweet Vermouth"
Martinique Rose,Rum - Daiquiris,"Aged rhum agricole, Amaretto, Fresh Lime Juice, Grapefruit Juice, orgeat or almond syrup"
Mary Garden Cocktail,Cocktail Classics,"Dubonnet, Dry Vermouth"
Mary Pickford Cocktail,Rum - Daiquiris,"Light Rum, Pineapple Juice, Maraschino liqueur, Grenadine"
May Blossom Fizz,Cocktail Classics,"Grenadine, Juice of a Lemon, Swedish Punch"
May Blosson Fizz,Cocktail Classics,"Grenadine, Juice of a Lemon, Swedish Punch"
Melon Cocktail,Cocktail Classics,"Gin, Lemon Juice, Maraschino"
Merry Widow Cocktail No. 2,Cocktail Classics,"Maraschino, cherry-flavored brandy"
Merry Widow Fizz,Cocktail Classics,"Juice of Orange, Juice of a Lemon, Egg White, Powdered Sugar, Sloe gin"
Mexican Firing Squad,Tequila,"Blanco tequila, Simple Syrup, Fresh Lime Juice, pomegranate molasses (available at Middle Eastern grocers), Angostura Bitters"
Mexican Madras,Tequila,"Blanco tequila, Cranberry Juice, Orange juice, Fresh Lime Juice"
Mexican Monk,Tequila,"Reposado tequila, Dry Sherry, Coffee liqueur, Benedictine"
Mexicana,Tequila,"Blanco tequila, Fresh lemon juice, Pineapple Juice, Grenadine"
Mexicola,Tequila,"Blanco tequila, Fresh Lime Juice"
Midnight Express,Rum - Daiquiris,"Dark rum, Triple Sec, Fresh Lime Juice, Fresh lemon juice, Simple Syrup"
Milk Punch,Cocktail Classics,"Powdered Sugar, Blended whiskey, Milk"
Million-Dollar Cocktail,Cocktail Classics,"Pineapple Juice, Grenadine, Egg White, Sweet Vermouth, Gin"
Millionaire Cocktail,Cocktail Classics,"Egg White, Grenadine, Triple Sec, Blended whiskey"
Minnehaha Cocktail,Cocktail Classics,"Juice of Orange, Dry Vermouth, Sweet Vermouth, Old Mr. Boston Dry Gin"
Mint Collins,Cocktail Classics,"Juice of a Lemon, Mint-Flavored Gin"
Mint Gin Cocktail,Cocktail Classics,"Mint-Flavored Gin, White Port Wine, Dry Vermouth"
Mint Julep (Southern Style),Cocktail Classics,"springs mint, Powdered Sugar, Water, Bourbon"
Miss Jones,Vodka,"Vanilla-flavored vodka, Fresh lemon juice, Butterscotch schnapps, Limoncello"
Mocha Express,Vodka,"Vodka, Irish cream liqueur, Coffee liqueur, Cold brewed espresso coffee"
Mojito,Rum - Daiquiris,"Lime wedges, Fresh mint leaves, Simple Syrup, Light Rum"
Monkey Wrench,Rum - Daiquiris,Light Rum
Monte Carlo Imperial Highball,Cocktail Classics,"Gin, White creme de menthe, Juice of a Lemon"
Montezuma,Cocktail Classics,"Tequila, Madeira, Egg Yolk, Crushed ice"
Montreal Club Bouncer,Cocktail Classics,"Gin, Anisette"
Montreal Gin Sour,Cocktail Classics,"Gin, Lemon Juice, Egg White, Powdered Sugar"
Moonquake Shake,Rum - Daiquiris,"Dark rum, Coffee-flavored brandy, Fresh lemon juice"
Morning Glory Fizz,Cocktail Classics,"Juice of a Lemon, Powdered Sugar, Egg White, Anis, Scotch"
Moscow Mule,Vodka,"Vodka, Fresh Lime Juice"
Moulin Rouge Cocktail,Cocktail Classics,"Old Mr. Boston Sloe Gin, Sweet Vermouth, Bitters"
Mountain Cocktail,Cocktail Classics,"Egg White, Lemon Juice, Dry Vermouth, Sweet Vermouth, Blended whiskey"
Mr. 404,Vodka,"Vodka, Elderflower liqueur, Fresh lemon juice, Simple Syrup, Aperol"
Napoleon,Cocktail Classics,"Gin, Curacao, Dubonnet"
Napoleon Cocktail,Cocktail Classics,"Old Mr. Boston Dry Gin, Curacao, Dubonnet"
Nevada Cocktail,Rum - Daiquiris,"Light Rum, Grapefruit Juice, Fresh Lime Juice, Simple Syrup, Angostura Bitters"
New Orleans Buck,Rum - Daiquiris,"Light Rum, Fresh orange juice, Fresh lemon juice"
New Orleans Gin Fizz,Cocktail Classics,"Juice of a Lemon, Juice of a Lime, Powdered Sugar, Egg White, Gin, Light cream, 1/2 oz"
Night Cap,Rum - Daiquiris,"Light Rum, Simple Syrup"
Nijinksy Blini,Vodka,"Vodka, Peach schnapps, Peach puree, Fresh lemon juice"
Nineteenth Hole,Cocktail Classics,"Gin, Dry Vermouth, Sweet Vermouth, Bitters"
Ninotchka Cocktail,Vodka,"Vodka, White creme de cacao, Fresh lemon juice"
No. 8,Tequila,"Reposado tequila, Palo cortado or oloroso sherry, Honey liqueur, Orange Bitters"
North Pole Cocktail,Cocktail Classics,"Egg White, Lemon Juice, Maraschino, Gin"
"Oh, Gosh!",Rum - Daiquiris,"Light Rum, Triple Sec, Fresh Lime Juice"
Oldest Temptation,Tequila,"Anejo tequila, Apple juice, Fresh lemon juice, Triple Sec, Simple Syrup, Angostura Bitters, flamed lemon twist"
Opening Cocktail,Cocktail Classics,"Grenadine, Sweet Vermouth, Blended whiskey"
Opera Cocktail,Cocktail Classics,"Maraschino, Dubonnet, Gin"
Orange Blossom Cocktail,Cocktail Classics,"Old Mr. Boston Dry Gin, Orange Juice, Powdered Sugar"
Orange Gin Collins,Cocktail Classics,"Juice of a Lemon, Old Mr. Boston Orange Flavored Gin"
Orange Gin Fizz,Cocktail Classics,"Juice of a Lemon, Powdered Sugar, Old Mr. Boston Orange Flavored Gin"
Orange Gin Highball,Cocktail Classics,Old Mr. Boston Orange Flavored Gin
Orange Gin Rickey,Cocktail Classics,"Juice of a Lime, Old Mr. Boston Orange Flavored Gin"
Orange Milk Fizz,Cocktail Classics,"Juice of a Lemon, Powdered Sugar, Old Mr. Boston Orange Flavored Gin, Milk"
Orange Smile,Cocktail Classics,"Egg, Juice of Orange, Grenadine"
Orchid Cocktail,Cocktail Classics,"Old Mr. Boston Dry Gin, Egg White, Creme Yvette"
Outrigger,Cocktail Classics,"Peach-flavored brandy, Lime Vodka, Pineapple Juice"
Pacific Sunshine,Tequila,"Lemon wheel, coarse salt, Blanco tequila, Blue curacao, Simple Syrup, Fresh lemon juice, Angostura Bitters"
Pacman,Cocktail Classics,"Lemon Juice, Grenadine, Bitters"
Paddington,Rum - Daiquiris,"Absinthe, Light Rum, Lillet Blanc, Fresh grapefruit juice, Fresh lemon juice, Orange marmalade, grapefruit twist"
Palmer Cocktail,Cocktail Classics,"Blended whiskey, Bitters, Lemon Juice"
Palmetto Cocktail,Rum - Daiquiris,"Light Rum, Dry Vermouth, Angostura Bitters"
Paloma,Tequila,Blanco tequila
Paloma (Natural),Tequila,"Blanco tequila, Fresh white or ruby red grapefruit juice"
Pancho Villa,Tequila,"Anejo tequila, Aperol, Sweet Vermouth, Peach bitters"
Paris When It Sizzles,Rum - Daiquiris,"Elderflower liqueur, Dark rum, Fresh Lime Juice, Angostura Bitters"
Parisian Blonde Cocktail,Cocktail Classics,"Sweet Cream, Old Mr. Boston Triple Sec, Jamaica Rum"
Passion Daiquiri Cocktail,Cocktail Classics,"Old Mr. Boston Rum, Juice of a Lime, Powdered Sugar, Passion Fruit Juice"
Passion Mimosa,Cocktail Classics,Chilled Passion Fruit Juice
Peach Blossom,Cocktail Classics,"Lemon Juice, Powdered Sugar, Gin, Peach"
Peach Blow Fizz,Cocktail Classics,"Juice of a Lemon, Powdered Sugar, Light cream, Gin, Peach"
Peach Iced Tea,Vodka,"Peach-flavored vodka, Orange curacao, Fresh lemon juice, Honey Syrup, Iced tea"
Pearl Button,Rum - Daiquiris,"Cachaca (Brazilian rum), Lillet Blanc, Fresh Lime Juice"
Peggy Cocktail,Cocktail Classics,"Dry Vermouth, Gin, Anis, Dubonnet"
Petit Zinc,Vodka,"Vodka, Triple Sec, Sweet Vermouth, Orange juice"
Phoebe Snow,Cocktail Classics,"Dubonnet, Brandy, Anis"
Phoebe Snow Cocktail,Cocktail Classics,"Dubonnet, Old Mr. Boston Five Star Brandy, Absinthe Substitute"
Pickled Martini,Vodka,"Vodka, Dry Vermouth, Sweet pickle brine, Sweet pickle slice"
Pickled Pink,Vodka,"Vodka, Aquavit, Dill pickle brine, Angostura Bitters"
Pike's Peak Cooler,Cocktail Classics,"Juice of a Lemon, Powdered Sugar, Whole Egg"
Pina Agave,Tequila,"Cucumber, Blanco tequila, Pineapple Juice, Fresh lemon juice, Agave nectar"
Pineapple Cocktail,Rum - Daiquiris,"Light Rum, Pineapple Juice, Fresh lemon juice"
Pineapple Dream Cocktail,Cocktail Classics,"Pineapple Juice, Juice of a Lime, Old Mr. Boston Imported Rum"
Pineapple Fizz,Rum - Daiquiris,"Light Rum, Pineapple Juice, Simple Syrup"
Ping-Pong Cocktail,Cocktail Classics,"Juice of a Lemon, Egg White, Sloe gin"
Pink Creole,Rum - Daiquiris,"Light Rum, Fresh Lime Juice, Grenadine, half-and-half"
Pink Lady Cocktail,Cocktail Classics,"Egg White, Grenadine, Sweet Cream, Old Mr. Boston Dry Gin"
Pink Lemonade,Vodka,"Citrus-flavored vodka, Triple Sec, Fresh Lime Juice, Fresh lemon juice, Simple Syrup, Cranberry Juice, lemon wheel"
Pink Paradise,Rum - Daiquiris,"Coconut-flavored rum, Amaretto, Cranberry Juice, Pineapple Juice"
Pink Pussycat,Vodka,"Vodka, Pineapple or grapefruit juice, Grenadine"
Pink Rose Fizz,Cocktail Classics,"Juice of a Lemon, Powdered Sugar, Egg White, Light cream, Gin"
Pink Squirrel Cocktail,Cocktail Classics,"Mr. Boston Creme de Noyaux, Old Mr. Boston White Creme de Cacao, Light Sweet Cream"
Plain Vermouth Cocktail,Cocktail Classics,"Dry Vermouth, Sweet Vermouth, Orange Bitters"
Planter's Cocktail,Rum - Daiquiris,"Jamaica Rum, Fresh lemon juice, Simple Syrup"
Planter's Punch No. 1,Rum - Daiquiris,"Light Rum, Fresh Lime Juice, Simple Syrup, Soda water, Grenadine"
Planter's Punch No. 2,Rum - Daiquiris,"Light Rum, Orange juice, each Fresh Lime Juice, jamaica rum, grenadine, Pineapple Juice, each Fresh lemon juice, triple sec"
Plaza Cocktail,Cocktail Classics,"Sweet Vermouth, Dry Vermouth, Gin"
Poker Cocktail,Rum - Daiquiris,"Light Rum, Sweet Vermouth"
Pollyanna Cocktai,Cocktail Classics,"Orange, Pineapple, Gin, Sweet Vermouth, Grenadine"
Pollyanna Cocktail,Cocktail Classics,"orange peel, pineapple, Old Mr. Boston Dry Gin, sweet vermouth"
Polonaise,Cocktail Classics,"Brandy, Blackberry-flavored brandy, Dry Sherry, Lemon Juice"
Polynesian Cocktail,Vodka,"Vodka, cherry-flavored brandy, Fresh Lime Juice"
Port Wine Cobbler,Cocktail Classics,"powdered sugar, carbonated water, port"
Port Wine Flip,Cocktail Classics,"Whole Egg, Powdered Sugar, Port, Light Cream (if desired)"
Pousse L'Amour,Cocktail Classics,"Maraschino, Egg Yolk, Benedictine, Brandy"
Prado,Cocktail Classics,"Tequila, Lemon Juice, Maraschino, Egg White, Grenadine"
Praire Chicken,Cocktail Classics,"Old Mr. Boston Dry Gin, Whole Egg"
Praire Oyster Cocktail,Cordials and Liqueurs,"Old Mr. Boston Five Star Brandy, Worcestershire Sauce, Tomato Catsup, Vinegar, Pepper"
Prairie Chicken,Cocktail Classics,"Gin, Whole Egg"
Prairie Oyster,Cocktail Classics,"Brandy, Worcestershire Sauce, Catsup, Vinegar, Pepper"
Prairie Oyster Cocktail,Cocktail Classics,"Old Mr. Boston Five Star Brandy, Worcestershire Sauce, Tomato Catsup, Vinegar, Pepper, Egg Yolk, 1 oz"
Pretty In Pink,Vodka,"Vodka, Cranberry Juice, Creme de noyaux, Fresh lemon juice"
Prince's Smile Cocktail,Cocktail Classics,"Old Mr. Boston Apricot Flavored Brandy, Apple Brandy, Old Mr. Boston Dry Gin, Lemon Juice"
Priority Cocktail,Vodka,"Vodka, Calvados, Coffee liqueur"
Prohibition Punch,Rum - Daiquiris,"Dark rum, Grand Marnier, Passion Fruit Juice, Cranberry Juice, Fresh lemon juice, Champagne"
Puerto Apple,Cocktail Classics,"Applejack, Light Rum, Lime Juice, Orgeat Syrup"
Puerto Rican Rum Daisy,Rum - Daiquiris,"Dark rum, Orange curacao, Fresh lemon juice, each Orange juice and simple syrup, Angostura Bitters"
Purple Mask,Vodka,"Vodka, Concord grape juice, White creme de cacao"
Purple Pancho,Tequila,"Lime wedge, superfine sugar, Blanco tequila, Blue curacao, Sloe gin, Fresh Lime Juice, each Fresh lemon juice, simple syrup, 1 lime wheel"
Purple Passion,Vodka,"Vodka, Grapefruit Juice, Concord grape juice, Simple Syrup"
Purple Passion Iced Tea,Vodka,"Vodka, Light Rum, Gin, Black raspberry liqueur, Simple Syrup, Fresh lemon juice and 3 oz"
Purple Ruby,Vodka,"Vodka, Pomegranate juice, Grapefruit Juice, Fresh Lime Juice, Honey Syrup"
Purple Twister,Cocktail Classics,Old Mr. Boston Grape Vodka
Quaker's Cocktail,Rum - Daiquiris,"Light Rum, Brandy, Fresh lemon juice, Raspberry Syrup"
Quarter Deck Cocktail,Rum - Daiquiris,"Light Rum, Cream sherry, Fresh Lime Juice"
Queen Bee,Cocktail Classics,"Lime Vodka, Coffee-flavored brandy, Cream sherry"
Queen Elizabeth Cocktail,Cocktail Classics,"Old Mr. Boston Dry Gin, Dry Vermouth, Benedictine"
Quetzalcoatl,Tequila,"Blanco tequila, Mezcal, Creme de peche, Guava puree, Grapefruit Juice"
Racquet Club Cocktail,Cocktail Classics,"Gin, Dry Vermouth, Orange Bitters"
Ramos Fizz,Cocktail Classics,"Juice of a Lemon, Egg White, Powdered Sugar, Gin, Light cream, Triple Sec"
Rattlesnake Cocktail,Cocktail Classics,"Blended whiskey, Egg White, Lemon Juice, Powdered Sugar, Anis"
Rebel Charge,Cocktail Classics,"Bourbon, Triple Sec, Orange Juice, Lemon Juice, Egg White"
Red Apple,Vodka,"Vodka, Apple juice, Fresh lemon juice, Grenadine"
Red Raider,Cocktail Classics,"Bourbon, Triple Sec, Lemon Juice, Grenadine"
Red Swizzle,Cocktail Classics,"Juice of a Lime, Powdered Sugar, Carbonated Water, Gin, Bitters, Grenadine"
Redhead Martini,Vodka,"Strawberries, cut into halves, Fresh lemon juice, Simple Syrup, Citrus-flavored vodka, Chilled Moscato d'Asti or sweet sparkling wine"
Resolute Cocktail,Cocktail Classics,"Juice of a Lemon, Apricot Flavored Brandy, Gin"
Restless Native,Rum - Daiquiris,"Coconut rum, White creme de cacao, Fresh Lime Juice, Light Rum"
Ringo Starr,Rum - Daiquiris,"Red grapes, Lemon, Fresh mint leaves, Sugar cube, African rum"
Rio Fix,Rum - Daiquiris,"Absinthe or pastis, Cachaca, Maraschino liqueur, Fresh Lime Juice, Pineapple Juice"
Rob Roy Cocktail,Cocktail Classics,"Sweet Vermouth, Desmond & Duff Scotch Whisky"
Robin's Nest,Vodka,"Vodka, Cranberry Juice, White creme de cacao"
Robson Cocktail,Rum - Daiquiris,"Jamaica Rum, Fresh lemon juice, Fresh orange juice, Grenadine"
Rock & Rye Cocktail,Cocktail Classics,"Rock and Rye, White Port Wine, Dry Vermouth"
Rock & Rye Cooler,Cocktail Classics,"Rock and Rye, Vodka, Lime Juice"
Rococo,Cocktail Classics,"Cherry Vodka, Orange Juice, Triple Sec"
Roselyn Cocktail,Cocktail Classics,"Dry Vermouth, Gin, Grenadine"
Rosemary Clementine Sparkle,Vodka,"Clementine or mandarin orange, Vodka, Fresh lemon juice, Honey Syrup, Fresh rosemary sprig, Chilled sparkling wine or Champagne"
Rosita,Tequila,"Blanco tequila, Sweet Vermouth, Dry Vermouth, Campari, Angostura Bitters"
Rouxby Red,Vodka,"For glass Lemon wedge, coarse salt, Grapefruit-flavored vodka, Fresh lemon juice, Grapefruit Juice, Campari, Simple Syrup"
Royal Clover Club Cocktail,Cocktail Classics,"Juice of a Lime, Grenadine, Egg Yolk, Gin"
Royal Cocktail,Cocktail Classics,"Whole Egg, Juice of a Lemon, Powdered Sugar, Gin"
Royal Gin Fizz,Cocktail Classics,"Juice of a Lemon, Powdered Sugar, Gin, Whole Egg"
Royal Purple Punch,Cocktail Classics,red wine
Ruby Fizz,Cocktail Classics,"Juice of a Lemon, Powdered Sugar, Egg White, Grenadine, Sloe gin"
Ruby Red,Vodka,"Grapefruit-flavored vodka, Triple Sec, Fresh ruby red grapefruit juice, Fresh orange juice"
Rum Cobbler,Rum - Daiquiris,"Light Rum, Simple Syrup"
Rum Collins,Rum - Daiquiris,"Light Rum, Fresh Lime Juice, Simple Syrup"
Rum Cooler,Rum - Daiquiris,"Light Rum, Simple Syrup, Soda water"
Rum Coooler,Cocktail Classics,"powdered sugar, carbonated water, Mr. Boston Rum"
Rum Daisy,Rum - Daiquiris,"Light Rum, Fresh lemon juice, Simple Syrup, Grenadine"
Rum Dubonnet,Cocktail Classics,"Light Rum, Dubonnet, Lemon Juice"
Rum Fix,Rum - Daiquiris,"Light Rum, Fresh lemon or lime juice, Simple Syrup"
Rum Highball,Rum - Daiquiris,Light or dark rum
Rum Martini,Rum - Daiquiris,"Light Rum, Dry Vermouth"
Rum Old-Fashioned,Rum - Daiquiris,"Light Rum, 151-Proof Rum, Simple Syrup, Angostura Bitters"
Rum Relaxer,Rum - Daiquiris,"Light Rum, Pineapple Juice, Grenadine"
Rum Rickey,Rum - Daiquiris,"Light Rum, Fresh Lime Juice"
Rum Screwdriver,Rum - Daiquiris,"Light Rum, Orange juice"
Rum Sour,Rum - Daiquiris,"Light Rum, Fresh lemon juice, Simple Syrup"
Rum Swizzle,Rum - Daiquiris,"Light or dark rum, Fresh Lime Juice, Simple Syrup, Angostura Bitters"
Rum Toddy (Cold),Rum - Daiquiris,"Light or dark rum, Water, Simple Syrup, Brandy"
Russian Bear Cocktail,Vodka,"Vodka, White creme de cacao, half-and-half"
Rye Whiskey Cocktail,Cocktail Classics,"Bitters, Powdered Sugar, Rye Whiskey"
S & V,Rum - Daiquiris,"Light Rum, Creole Shrubb (rum-based orange liqueur), Ruby port, Fresh Lime Juice"
Saint Lucy Bracer,Rum - Daiquiris,"Dark rum, Butterscotch schnapps, Sweet Vermouth, Angostura Bitters"
Sake Martini,Cocktail Classics,"Sake, Mr. Boston Gin"
Sake Martini (Sakini),Cocktail Classics,"Sake, Gin"
Salty Dog,Vodka,"Lemon wedge, coarse salt, Vodka, Grapefruit Juice"
Sampan Shipwreck A,Vodka,"Vodka, Orange liqueur, Canned coconut milk, Cold brewed chai tea, orgeat or almond syrup"
San Francisco,Cocktail Classics,"Sloe gin, Sweet Vermouth, Dry Vermouth, Bitters, Orange Bitters"
Sand-Martin Cocktail,Cocktail Classics,"Green Chartreuse, Sweet Vermouth, Gin"
Sand-Martini Cocktail,Cocktail Classics,"Green Chartreuse, Sweet Vermouth, Gin, Sake"
Santana Sling,Tequila,"Reposado tequila, Cherry Heering, Batavia arrack or light rum, Fresh Lime Juice, Ginger beer"
Santiago Cocktail,Rum - Daiquiris,"Light Rum, Fresh Lime Juice, Simple Syrup, Grenadine"
Saratoga Cocktail,Cocktail Classics,"Brandy, Bitters, Lemon Juice, Pineapple Juice, Maraschino"
Sargasso,Rum - Daiquiris,"Aged rhum agricole, Dry Sherry, Aperol, Angostura Bitters"
Saronno,Cocktail Classics,"Amaretto di Saronno, Mr. Boston Five Star Brandy, Light cream"
Saronno Colada (Nutty Colada),Cocktail Classics,"Amaretto di Saronno, Coconut Milk, Crushed Pineapple"
Saronno Mist,Cocktail Classics,Amaretto di Saronno
Saronno Rose,Cocktail Classics,"Amaretto di Saronno, Roses Lime Juice, Club Soda"
Satin Sheets,Tequila,"Blanco tequila, Falernum, Simple Syrup, Fresh Lime Juice"
Savannah,Cocktail Classics,"Juice of Orange, Gin, White creme de cacao, Egg White"
Saxon Cocktail,Rum - Daiquiris,"Light Rum, Fresh Lime Juice, Grenadine"
Scotch Bird Flyer,Cocktail Classics,"Scotch, Egg Yolk, Triple Sec, Powdered Sugar, Light cream"
Scotch Cocktail,Cocktail Classics,"Old Mr. Boston Creme de Menthe (White), Desmond & Duff Scotch Whisky"
Scotch Whisky Highball,Cocktail Classics,Desmond & Duff Scotch Whisky
Screwdriver,Vodka,"Vodka, Orange juice"
Sea Breeze,Vodka,"Vodka, Cranberry Juice, Fresh grapefruit juice"
Sea Of Cortez,Tequila,"Blanco tequila, Fresh Lime Juice, Creme de Cassis, Orange curacao"
Seaboabd,Cocktail Classics,"Old Mr. Boston Blended Whiskey, Old Mr. Boston Dry Gin, Lemon Juice, Powdered Sugar"
September Morn Cocktail,Cocktail Classics,"Egg White, Light Rum, Juice of a Lime, Grenadine"
Sevilla Cocktail,Cocktail Classics,"Powdered Sugar, Whole Egg, Port, Light Rum"
Shady Lady,Tequila,"Blanco tequila, Melon liqueur, Fresh grapefruit juice, Fresh grapefruit juice"
Shalom,Vodka,"Vodka, Madeira, Fresh orange juice and orange wheel, Bourbon Whiskey, White creme de cacao, Fresh lemon juice"
Shamrock Cocktail,Cocktail Classics,"Irish Whiskey, Dry Vermouth, Old Mr. Boston Green Creme de Menthe"
Sherry Flip,Cocktail Classics,"Whole Egg, Powdered Sugar, Cream sherry, Light Cream (if desired)"
Sherry Milk Punch,Cocktail Classics,"Powdered Sugar, Cream sherry"
Sherry Sangaree,Cocktail Classics,"Powdered Sugar, Water, Cream sherry, Port"
Sherry Twist Cocktail,Cocktail Classics,"Cream sherry, Brandy, Dry Vermouth, Triple Sec, Lemon Juice"
Sherry-and-Egg Cocktail,Cocktail Classics,cream sherry
Siberian Sleighride,Vodka,"Vodka, White creme de cacao, White creme de menthe, half-and-half"
Sidecar,Cocktail Classics,"Cognac, Triple Sec, Fresh lemon juice, Vodka, Madeira, Fresh orange juice and orange wheel"
Sidewinder,Tequila,"Reposado tequila, Campari, Vanilla syrup, preferably B.A. Reynold's, Fresh Lime Juice, Mezcal, Ginger beer, 1 oz"
Silk Stockings,Tequila,"Blanco tequila, White creme de cacao, Heavy cream, Grenadine"
Silver Fizz,Cocktail Classics,"Juice of a Lemon, Powdered Sugar, Gin, Egg White"
Silver King Cocktail,Cocktail Classics,"Egg White, Juice of a Lemon, Gin, Powdered Sugar, Orange Bitters"
Silver Stallion Fizz,Cocktail Classics,"Vanilla Ice Cream, Gin"
Singapore Sling,Cocktail Classics,"Juice of a Lemon, Powdered Sugar, Gin, cherry-flavored brandy"
Sir Walter Cocktail,Rum - Daiquiris,"Light Rum, Brandy, Grenadine, Triple Sec, Fresh lemon juice"
Sloe Gin Flip,Cocktail Classics,"Whole Egg, Powdered Sugar, Sloe gin, Light Cream (if desired)"
Sloe Tequila,Shooters,"Blanco tequila, Sloe gin, Fresh Lime Juice"
Sloppy Joe's Cocktail No. 1,Rum - Daiquiris,"Light Rum, Dry Vermouth, Triple Sec, Fresh Lime Juice, Grenadine"
Smile Cocktail,Cocktail Classics,"Grenadine, Gin, Lemon Juice"
Smiler Cocktail,Cocktail Classics,"Sweet Vermouth, Dry Vermouth, Gin, Bitters, Orange Juice"
Smoked Margarita,Tequila,"Smoky Scotch whisky, such as Islay or Skye, Reposado tequila, Triple Sec, Fresh lemon juice, Fresh Lime Juice"
Snowball Cocktail,Cocktail Classics,"Old Mr. Boston Dry Gin, Old Mr. Boston Anisette, Sweet Cream"
Snyder,Cocktail Classics,"Gin, Dry Vermouth, Triple Sec"
Society Cocktail,Cocktail Classics,"Gin, Dry Vermouth, Grenadine"
Sonic Blaster,Vodka,"Vodka, Light Rum, Creme de banana, Pineapple Juice, Orange juice, Cranberry Juice"
Soul Kiss Cocktail,Cocktail Classics,"Orange Juice, Dubonnet, Dry Vermouth, Bourbon"
South Of The Border,Tequila,"Blanco tequila, Coffee-flavored brandy, Fresh Lime Juice"
Southern Gin Cocktail,Cocktail Classics,"Gin, Orange Bitters, Triple Sec"
Soviet,Vodka,"Vodka, Amontillado sherry, Dry Vermouth"
Spanish Town Cocktail,Rum - Daiquiris,"Light Rum, Triple Sec"
Special Rough Cocktail,Cocktail Classics,"Apple Brandy, Brandy, Anisette"
Sphinx Cocktail,Cocktail Classics,"Gin, Sweet Vermouth, Dry Vermouth"
Spice Of Life,Tequila,"Cucumber, Fresh mint leaves, Simple Syrup, Jalapeno-Infused Tequila, Fresh Lime Juice"
Spring Feeling Cocktail,Cocktail Classics,"Lemon Juice, Green Chartreuse, Gin"
Spritzer Highball,Cocktail Classics,chilled Rhine wine or Sauterne
Sputnik,Vodka,"Vodka, Peach schnapps, Fresh orange juice, half-and-half"
St. Patrick's Day Cocktail,Cocktail Classics,"Old Mr. Boston Green Creme de Menthe, Green Chartreuse, Irish Whiskey, Bitters"
Stinger Cocktail,Cocktail Classics,"Old Mr. Boston White Creme de Menthe, Old Mr. Boston Five Star Brandy"
Stockholm 75,Vodka,"Lemon wedge, superfine sugar, Citrus-flavored vodka, Simple Syrup, Fresh lemon juice, Chilled Champagne"
Stone Cocktail,Rum - Daiquiris,"Dry Sherry, Light Rum, Sweet Vermouth"
Stone Wall,Rum - Daiquiris,"thin Peeled fresh ginger, Demerara Syrup, Fresh apple cider, Light Rum"
Stormy Colada,Rum - Daiquiris,"Dark rum, Pineapple Juice"
Strawberry Margarita,Tequila,"Lime wedge, superfine sugar or coarse salt (optional), Fresh strawberries, cut in half, Strawberry schnapps, Blanco tequila, Triple Sec, Fresh Lime Juice, whole strawberry"
Strawberry Sunries,Cocktail Classics,"Strawberry schnapps, Grenadine"
Stupid Cupid,Vodka,"Citrus-flavored vodka, Sloe gin, Simple Syrup, Fresh lemon juice"
Suissesse Cocktail,Cocktail Classics,"Anisette, Egg White"
Sunburn,Cocktail Classics,"Hot Shot Tropical Fruit Liqueur, Grapefruit Juice"
Sunday Confession,Tequila,"Blanco tequila, Limoncello, Fresh lemon juice"
Sunset at Gowanus,Rum - Daiquiris,"Dark rum, Fresh Lime Juice, Maple Syrup, Brandy, Yellow Chartreuse"
Sunshine Cocktail,Cocktail Classics,"Sweet Vermouth, Gin, Bitters"
Suntan,Cocktail Classics,"Hot Shot Tropical Fruit Liqueur, Orange Juice"
Surf Rider,Vodka,"Vodka, Sweet Vermouth, Fresh orange juice, Fresh lemon juice, Grenadine"
Susie Taylor,Rum - Daiquiris,"Light Rum, Fresh Lime Juice"
Sweet Maria,Vodka,"Vodka, Amaretto, half-and-half"
Sweet Patootie Cocktail,Cocktail Classics,"Gin, Triple Sec, Orange Juice"
T.N.T. Cocktail,Cocktail Classics,"Old Thompson Blended Whiskey, Absinthe Substitute"
T.N.T. Cocktail No. 1,Cocktail Classics,"Blended whiskey, Anis"
T.N.T. Cocktail No. 2,Cocktail Classics,Tequila
T.N.T. No. 1,Cocktail Classics,"Old Thompson Blended Whiskey, Absinthe Substitute"
Tabby Cat,Vodka,"Dubonnet Rouge, Orange-flavored vodka, Orange Bitters"
Tahiti Club,Rum - Daiquiris,"Light Rum, Fresh lemon juice, Fresh Lime Juice, Pineapple Juice, Maraschino liqueur"
Tahitian Tea,Cocktail Classics,"Gin, Light Rum, Vodka, Hot Shot Tropical Fruit Liqueur, 7-Up, each Cranberry Juice and orange juice"
Tailspin Cocktail,Cocktail Classics,"Gin, Sweet Vermouth, Green Chartreuse, Orange Bitters"
Tanq-A-Rita,Cocktail Classics,"Tanqueray gin, Margarita Mix, Triple Sec"
Tchoupitolas Street Guzzle,Cocktail Classics,Light Rum
Tea Saronno,Cocktail Classics,"Hot Tea, Amaretto di Saronno, Whipped cream"
Temptation Cocktail,Cocktail Classics,"Blended whiskey, Triple Sec, Anis, Dubonnet"
Tempter Cocktail,Cocktail Classics,"Port, Apricot Flavored Brandy"
Tequila Canyon,Tequila,"Blanco tequila, Triple Sec, Cranberry Juice, Pineapple Juice, Orange juice"
Tequila Cocktail,Cocktail Classics,"Tequila, Juice of a Lemon, Grenadine, Egg White"
Tequila Collins,Tequila,"Blanco tequila, Fresh lemon juice, Simple Syrup"
Tequila Fizz,Cocktail Classics,"Tequila, Grenadine, Lemon Juice, Egg White"
Tequila Manhattan,Tequila,"Blanco tequila, Sweet Vermouth, Angostura Bitters"
Tequila Matador,Tequila,"Blanco tequila, Pineapple Juice, Fresh Lime Juice"
Tequila Mockingbird,Tequila,"Lime wedge, coarse salt, Minced ginger, Blanco tequila, Agave nectar, Fresh Lime Juice"
Tequila Old-Fashioned,Tequila,"Blanco tequila, Simple Syrup, Angostura Bitters, Soda water"
Tequila Pink,Tequila,"Blanco tequila, Dry Vermouth, Grenadine"
Tequila Smash,Tequila,"Blueberries, Bing cherries, Blanco tequila, Maraschino liqueur, Fresh Lime Juice"
Tequila Sour,Tequila,"Blanco tequila, Fresh lemon juice, Simple Syrup"
Tequila Straight,Tequila,"Coarse salt, Blanco tequila, Lime wedge"
Tequila Sunrise,Tequila,"Blanco tequila, Orange juice, Grenadine"
Tequini,Tequila,"Blanco tequila, Dry Vermouth, Angostura bitters"
Tequini Cocktail,Cocktail Classics,"Old Mr. Boston Tequila, Dry Vermouth, Bitters"
Tequonic,Tequila,"Blanco tequila, Fresh lemon or lime juice"
Thanksgiving Special Cocktail,Cocktail Classics,"Old Mr. Boston Apricot Flavored Brandy, Old Mr. Boston Dry Gin, Dry Vermouth, Lemon Juice"
The 21st Century,Tequila,"Absinthe, Absinthe, Blanco tequila, Fresh Lime Juice, White creme de cacao"
The Beautiful Day,Whiskies,"Irish Whiskey, Rhubarb Syrup, Cold brewed green tea"
The Big Crush,Vodka,"Raspberry-flavored vodka, Triple Sec, Raspberry-flavored liqueur, Fresh Lime Juice"
The Blinker,Whiskies,"Straight rye whisky, Grapefruit Juice, Raspberry Syrup"
The Blood Orange,Vodka,"Orange-flavored vodka, Campari"
The Bone,Whiskies,"Bourbon whiskey, Fresh Lime Juice, Simple Syrup, Hot red pepper sauce"
The Cinquecento,Vodka,"Bison grass vodka (Zubrowka), Benedictine, Campari, Fresh grapefruit juice, Angostura Bitters"
The Crux,Brandy,"Dubonnet, Triple Sec, Brandy, Fresh lemon juice"
The Debonair,Whiskies,"Single-malt Scotch whisky, Ginger liqueur"
The Delmarva Cocktail,Whiskies,"Straight rye whiskey, Dry Vermouth, White creme de menthe, Fresh lemon juice"
The Duboudreau Cocktail,Whiskies,"Straight rye whiskey, Dubonnet Rouge, Fernet-Branca, Elderflower liqueur"
The Final Ward,Whiskies,"Straight rye whiskey, Maraschino liqueur, Green Chartreuse, Fresh lemon juice"
The Groupie,Vodka,"Lemon wedges, Superfine sugar, Citrus-flavored vodka"
The Holy Roller,Rum - Daiquiris,"Cachaca, Fresh Lime Juice, Honey Syrup, Angostura Bitters, Champagne or sparkling wine, mint sprig"
The Interesting Cocktail,Tequila,"Blanco tequila, Aperol, Dark creme de cacao, Fresh lemon juice, Grapefruit twist"
The Jamaican Ten Speed,Vodka,"Vodka, Melon liqueur, Creme de banana, Coconut-flavored rum, half-and-half"
The Joe Lewis,Whiskies,"Scotch Whiskey, Fresh carrot juice, Tawny port, Fresh lemon juice, Agave nectar"
The Loop,Vodka,"Black cherry-flavored vodka, White creme de cacao, Chile Syrup"
The Nomad South,Tequila,"Blanco tequila, Orange juice, Blood orange juice, Agave nectar, Fresh Lime Juice, Whiskey barrel bitters"
The Oaxaca Old-Fashioned,Tequila,"Reposado tequila, Mezcal, Agave nectar, Angostura Bitters"
The Old Cuban,Rum - Daiquiris,"mint leaves, Simple Syrup, Fresh Lime Juice, Dark rum, Angostura Bitters, Champagne, chopped fresh mint"
The Poncho,Tequila,"Reposado tequila, Dry Vermouth, Maraschino liqueur, Peychaud's Bitters"
The Refuge,Tequila,"Blanco tequila, Aperol, Fresh Lime Juice, Grapefruit Juice, Agave nectar"
The Sfozando,Tequila,"Mezcal, Rye Whiskey, Dry Vermouth, Benedictine, Chocolate bitters"
The Summer Of Love,Vodka,"Orange-flavored vodka, Rose water, Lillet Blanc, Black raspberry liqueur"
The Titian,Vodka,"Orange-flavored vodka, Grand Marnier, Passion Fruit Juice, Fresh Lime Juice, Pomegranate syrup"
The Vacation Cocktail,Rum - Daiquiris,"Peeled and chopped fresh ginger, Fresh Lime Juice, each Simple Syrup, light rum, dark rum, Mango juice, each Cranberry Juice, orange juice, spiced rum"
The Wink,Gin,"Absinthe, Gin, Triple Sec, Simple Syrup, Peychaud's Bitters"
The Winkle,Gin,"Fresh sage leaves, Gin, Fresh Lime Juice, Limoncello, Simple Syrup, Raspberries, lemon twist"
Third-Rail Cocktail,Rum - Daiquiris,"Light Rum, Apple Brandy, Brandy, Anisette"
Three Miller Cocktail,Rum - Daiquiris,"Fresh cherry tomatoes, Dark rum, Fresh Lime Juice, Simple Syrup, Angostura Bitters"
Three Stripes Cocktail,Cocktail Classics,"Gin, Dry Vermouth, Orange Juice"
Thunder,Cocktail Classics,"Powdered Sugar, Egg Yolk, Brandy, Cayenne Pepper"
Thunder and Lightning Cocktail,Cocktail Classics,"Egg Yolk, Powdered Sugar, Old Mr. Boston Five Star Brandy"
Thunder Cocktail,Cocktail Classics,"Powdered Sugar, Egg Yolk, Old Mr. Boston Five Star Brandy, Cayenne Pepper"
Thunderclap Cocktail,Cocktail Classics,"Old Mr. Boston Dry Gin, Old Thompson Blended Whiskey, Old Mr. Boston Five Star Brandy"
Thyme Collins,Vodka,"Citrus-flavored vodka, Mint syrup, Fresh lemon juice, Thyme sprig, Bitter lemon soda, Long thyme sprigs"
Tia Juanathan,Tequila,"Blanco tequila, Fresh Lime Juice, Aperol, Yellow Chartreuse"
Tiger Tanaka,Vodka,"Fresh cilantro leaves, Slice peeled fresh ginger, Citrus-flavored vodka, Limoncello, Pineapple Juice"
Tijuana Taxi,Tequila,"Gold tequila, Blue curacao, Tropical fruit schnapps"
Toasted Drop,Vodka,"Lemon wedge, Cinnamon Sugar, Citrus-flavored vodka, Limoncello, Amaretto, Fresh lemon juice, Egg White"
Top Banana,Vodka,"Vodka, Creme de banana, Orange juice"
Toreador,Tequila,"Blanco tequila, Dark creme de cacao, half-and-half"
Torridora Cocktail,Rum - Daiquiris,"Light Rum, Coffee-flavored brandy, half-and-half, 151-Proof Rum"
Tovarich Cocktail,Cocktail Classics,"Vodka, Kummel, Juice of a Lime"
Traditional Martini (Dry),Cocktail Classics,"Gin, Dry Vermouth, Orange Bitters"
Trident,Vodka,"Aquavit or vodka, Cynar, Dry Sherry, Peach bitters"
Trinity Cocktail,Cocktail Classics,"Sweet Vermouth, Dry Vermouth, Gin"
Trois Rivieres,Cocktail Classics,"Canadian whisky, Dubonnet, Triple Sec"
Tropica Cocktail,Rum - Daiquiris,"Light Rum, Pineapple Juice, Fresh grapefruit juice, Grenadine"
Tropical Heart,Cocktail Classics,Hot Shot Tropical Fruit Liqueur
Twin Six Cocktail,Cocktail Classics,"Gin, Sweet Vermouth, Grenadine, Orange Juice, Egg White"
Twister,Vodka,"Vodka, Fresh Lime Juice"
Ulanda Cocktail,Cocktail Classics,"Gin, Triple Sec, Anis"
Underneath The Mango Tree,Vodka,"Lime wedge, Sweet Chili Powder, Mango-flavored vodka, Peach liqueur, Fresh Lime Juice, Simple Syrup, Ginger ale"
Union Jack Cocktail,Cocktail Classics,"Sloe gin, Gin, Grenadine"
Urban Anxiety,Rum,"Cachaca, Sweet Vermouth, Cynar, Angostura Bitters"
Vagabundo,Tequila,"Reposado blanco tequila, Pineapple Juice, Fresh celery juice, Fresh Lime Juice"
Van Vleet,Rum - Daiquiris,"Light Rum, Maple Syrup, Fresh lemon juice"
Velvet Hammer No. 1,Cocktail Classics,"Vodka, Creme de Cacao, Light cream"
Velvet Hammer No. 2,Cocktail Classics,"Strega, White creme de cacao, Light cream"
Velvet Peach Hammer,Vodka,"Vodka, Peach schnapps, Simple Syrup, Fresh lemon juice"
Venial Sin,Tequila,"Blanco tequila, Mezcal, Yellow Chartreuse, Elderflower liqueur, Maraschino liqueur"
Verboten,Cocktail Classics,"Gin, Forbidden Fruit, Orange Juice, Lemon Juice"
Vermouth Cassis,Cocktail Classics,"Creme de Cassis, Dry Vermouth"
Vesuvio,Cocktail Classics,"Light Rum, Juice of a Lemon, Powdered Sugar, Egg White, Sweet Vermouth"
Victor Collins,Cocktail Classics,"Old Mr. Boston Vodka, Unsweetened Grape Juice, Lemon Juice, Powdered Sugar"
Victory Collins,Vodka,"Vodka, Unsweetened Grape Juice, Fresh lemon juice, Simple Syrup"
Violet Fizz,Cocktail Classics,"Juice of a Lemon, Powdered Sugar, Old Mr. Boston Dry Gin, Creme Yvette"
Violet Fizz Juice,Cocktail Classics,"Juice of a Lemon, Powdered Sugar, Old Mr. Boston Dry Gin, Creme Yvette"
Virgin,Cocktail Classics,"Gin, White creme de menthe, Forbidden Fruit"
Virginia Dare,Rum - Daiquiris,"Ripe pear, Dark rum, Benedictine, Angostura Bitters"
Viva Villa,Tequila,"Lime wedge, coarse salt, Blanco tequila, Fresh Lime Juice, Simple Syrup"
Vodka and Apple Juice,Vodka,Vodka
Vodka and Tonic,Vodka,Vodka
Vodka Collins,Vodka,"Vodka, Fresh lemon juice, Simple Syrup"
Vodka Cooler,Vodka,"Vodka, Simple Syrup"
Vodka Daisy,Vodka,"Vodka, Fresh lemon juice, Simple Syrup, Grenadine"
Vodka Gimlet,Vodka,"Vodka, Fresh Lime Juice, Simple Syrup"
Vodka Grasshopper,Vodka,"Vodka, Green creme de menthe, White creme de cacao, half-and-half"
Vodka Grasshopper Cocktail,Cocktail Classics,"Old Mr. Boston Vodka, Old Mr. Boston Green Creme de Menthe, Old Mr. Boston White Creme de Cacao"
Vodka Gypsy Cocktail,Cocktail Classics,"Old Mr. Boston Vodka, Benedictine, Angostura Bitters"
Vodka Martini,Cocktail Classics,"Mr. Boston Vodka, Dry Vermouth"
Vodka Sling,Vodka,"Vodka, Fresh lemon juice, Simple Syrup"
Vodka Sour,Vodka,"Vodka, Vodka, Fresh lemon juice, Simple Syrup"
Vodka Stinger,Vodka,"Vodka, White creme de menthe"
Vow Of Silence,Gin,"Gin, Grapefruit Juice, Fresh Lime Juice, Yellow Chartreuse, Amaro, Simple Syrup"
Waikiki Beachcomber,Gin,"Gin, Triple Sec, Pineapple Juice"
Waiting On Summer,Tequila,"Cucumber, Fresh sage leaves, Fresh Lime Juice, Blanco tequila, Simple Syrup, Ginger ale, strawberry slice"
Wallick Cocktail,Gin,"Gin, Dry Vermouth, Triple Sec"
Wallis Blue Cocktail,Gin,"Lime wedge, superfine sugar, Gin, Triple Sec, Fresh Lime Juice"
Warsaw Cocktail,Vodka,"Vodka, Blackberry-flavored brandy, Dry Vermouth, Fresh lemon juice"
Washington Cocktail,Cocktail Classics,"Dry Vermouth, Brandy, Bitters, Sugar Syrup"
Water Lily,Gin,"Gin, Triple Sec, Creme de violette, Fresh lemon juice"
Waterbury Cocktail,Cocktail Classics,"Powdered Sugar, Juice of a Lemon, Egg White, Brandy, Grenadine"
Waterloo,Cocktail Classics,"Light Rum, Orange Juice, Mandarine Napoleon Liqueur"
Webster Cocktail,Cocktail Classics,"Juice of a Lime, Apricot Flavored Brandy, Dry Vermouth, Gin"
Wedding Belle Cocktail,Cocktail Classics,"Orange Juice, cherry-flavored brandy, Gin, Dubonnet"
Weep-No-More Cocktail,Cocktail Classics,"Juice of a Lime, Dubonnet, Brandy, Maraschino"
Wembley Cocktail,Cocktail Classics,"Dry Vermouth, Gin, Apricot-Flavored Brandy, Apple Brandy"
Wembly Cocktail,Gin,"Gin, Dry Vermouth, Apple Brandy, Apricot-Flavored Brandy"
West Side,Vodka,"lemon-flavored vodka, Fresh lemon juice, Simple Syrup, Fresh mint leaves"
Western Rose,Gin,"Gin, Dry Vermouth, Apricot-Flavored Brandy, Fresh lemon juice"
Western Rose Cocktail,Cocktail Classics,"Old Mr. Boston Apricot Flavored Brandy, Old Mr. Boston Dry Gin, Dry Vermouth, Lemon Juice"
What The Hell,Cocktail Classics,"Gin, Dry Vermouth, Apricot Flavored Brandy, Lemon Juice"
Whiskey Flip,Cocktail Classics,"Whole Egg, Powdered Sugar, Blended whiskey, Light Cream (if desired)"
Whiskey Milk Punch,Cocktail Classics,"Powdered Sugar, Blended whiskey"
Whiskey Skin,Cocktail Classics,"lump of sugar, blended whiskey"
Whiskey Toddy (cold),Cocktail Classics,"Powdered Sugar, Water, Blended whiskey"
White Cargo Cocktail,Cocktail Classics,"Vanilla Ice Cream, Mr. Boston Gin"
White Elephant,Cocktail Classics,"Gin, Sweet Vermouth, Egg White"
White Lady,Gin,"Gin, Triple Sec"
White Lady Cocktail,Cocktail Classics,"Egg White, Powdered Sugar, Sweet Cream, Old Mr. Boston Dry Gin"
White Lily Cocktail,Rum - Daiquiris,"Light Rum, Triple Sec, Gin, Anisette"
White Lion Cocktail,Cocktail Classics,"Light Rum, Fresh lemon juice, Simple Syrup, Grenadine, Angostura Bitters"
White Plush,Cocktail Classics,"Blended whiskey, Milk, Powdered Sugar"
White Rose Cocktail,Cocktail Classics,"Gin, Orange Juice, Juice of a Lime, Maraschino, Egg White"
White Russian,Vodka,"Vodka, Coffee liqueur"
White Spider,Gin,"Gin, Fresh lemon juice, Triple Sec, Simple Syrup"
Why Not?,Cocktail Classics,"Gin, Apricot Flavored Brandy, Dry Vermouth, Lemon Juice"
Widow's Dream,Cocktail Classics,"Benedictine, Whole Egg"
Widow's Dream Cocktail,Cocktail Classics,"Benedictine, Whole Egg"
Widow's Kiss Cocktail,Cocktail Classics,"Old Mr. Boston Five Star Brandy, Yellow Chartreuse, Benedictine, Peychaud Bitters"
Wiki Waki Woo,Rum - Daiquiris,"Light Rum, 151-Proof Rum, each Vodka, tequila blanco, triple sec, Amaretto, each Fresh orange juice, pineapple juice, cranberry juice"
Will Rogers,Gin,"Gin, Dry Vermouth, Orange juice, Triple Sec"
Wolf's Bite,Gin,"Gin, Grapefruit Juice, Green Chartreuse"
Woodstock,Gin,"Gin, Fresh lemon juice, Maple Syrup, Orange Bitters"
X. Y. Z. Cocktail,Cocktail Classics,"Lemon Juice, Old Mr. Boston Triple Sec, Old Mr. Boston Rum"
X.Y.Z. Cocktail,Rum - Daiquiris,"Light Rum, Triple Sec, Fresh lemon juice"
Xanthia Cocktail,Gin,"Gin, cherry-flavored brandy, Yellow Chartreuse"
Yale Cocktail,Gin,"Gin, Dry Vermouth, Blue curacao, Angostura Bitters"
Yellow Rattler,Cocktail Classics,"Gin, Orange Juice, Dry Vermouth, Sweet Vermouth"
Yellow Rose Of Texas,Tequila,"Blanco tequila, Fresh lemon juice, Simple Syrup, Yellow Chartreuse, Rose water"
Yellowjacket,Non-alcoholic Drinks,"Pineapple Juice, Orange Juice, Lemon Juice"
Yokahama Romance,Gin,"Sake, Gin, Maraschino liqueur, Unsprayed rose petal"
Yolanda,Cocktail Classics,"Brandy, Gin, Anisette, Sweet Vermouth, Grenadine"
Zaza Cocktail,Cocktail Classics,"Gin, Dubonnet"
Zero Mint,Cocktail Classics,Mr. Boston Creme de menthe
Zombie,Rum - Daiquiris,"Gold rum, 151-Proof Rum, Light Rum, each Fresh Lime Juice, lemon juice, pineapple juie, and passion fruit syrup, Demerara Syrup, Tiki (such as Bittermen's 'Elemakule) or Angostura bitters (optional) Garnish: Fresh mint sprig"
